time,open,high,low,close
1/3/2018,25844.20,25844.20,25843.29,25843.29,2.00
1/4/2018,25803.78,25803.78,25283.06,25320.77,30.00
1/5/2018,25275.83,25618.13,25084.33,25617.22,9.00
1/8/2018,25566.66,25566.66,25227.85,25479.73,10.00
1/9/2018,25460.98,25645.89,25360.06,25366.77,14.00
1/10/2018,25171.49,25182.74,24870.15,25181.82,19.00
1/11/2018,25138.49,25142.38,24653.37,25141.47,20.00
1/12/2018,25060.49,25885.93,25060.49,25885.02,3.00
1/16/2018,25727.84,26859.09,25607.79,26859.09,8.00
1/17/2018,27053.72,27310.08,26467.71,27309.12,13.00
1/18/2018,27215.87,27215.87,26342.51,26406.44,25.00
1/19/2018,26349.38,26468.13,26029.00,26250.66,20.00
1/22/2018,26243.40,27327.78,26179.36,27326.84,5.00
1/23/2018,27424.04,27424.04,26843.51,27061.11,14.00
1/24/2018,26977.33,27503.20,26815.34,27070.77,16.00
1/25/2018,27114.46,27182.93,26527.87,26860.22,24.00
1/26/2018,26770.35,27126.41,26099.33,27125.45,13.00
1/29/2018,27175.35,27219.87,26219.78,26219.78,29.00
1/30/2018,25963.41,26067.14,25643.96,25643.96,19.00
1/31/2018,25662.08,25662.08,24841.57,24841.57,25.00
2/1/2018,24994.97,25579.15,24734.02,25579.15,7.00
2/2/2018,25499.72,26290.90,25125.22,26290.90,15.00
2/5/2018,25979.88,29469.36,25585.50,29469.36,16.00
2/6/2018,28519.54,29945.14,27181.18,29944.08,19.00
2/7/2018,29589.36,30641.15,29253.56,30641.15,11.00
2/8/2018,30526.85,33595.58,29107.01,33595.58,15.00
2/9/2018,33145.08,33745.07,31231.95,33743.85,21.00
2/12/2018,33666.99,33773.32,32902.24,33772.10,10.00
2/13/2018,33428.87,33428.87,31181.27,31997.01,25.00
2/14/2018,32327.06,34568.44,32117.38,34567.29,4.00
2/15/2018,34692.49,35775.52,33878.38,35774.27,13.00
2/16/2018,35627.39,35692.17,34948.78,35603.37,13.00
2/20/2018,36304.83,36782.19,36043.97,36782.19,7.00
2/21/2018,36692.26,36780.86,34716.18,36366.06,26.00
2/22/2018,36524.10,36549.11,35428.55,36329.52,15.00
2/23/2018,36240.72,37422.74,35506.49,37421.44,15.00
2/26/2018,37297.54,37945.74,37080.40,37944.40,10.00
2/27/2018,37818.30,39477.77,37564.84,39477.77,12.00
2/28/2018,39319.33,41435.30,39319.33,41435.30,9.00
3/1/2018,41346.20,42864.33,40679.02,42864.33,15.00
3/2/2018,42980.16,44485.81,41298.25,44484.27,12.00
3/5/2018,44452.02,46317.33,43495.59,46315.73,14.00
3/6/2018,46173.12,46173.12,43521.04,43521.04,31.00
3/7/2018,43832.74,44056.73,42916.03,44055.17,20.00
3/8/2018,43951.37,43951.37,41545.09,41792.87,38.00
3/9/2018,41626.95,43107.28,41123.97,43105.78,8.00
3/12/2018,43074.45,43382.28,42707.64,42707.64,15.00
3/13/2018,42510.71,45543.01,42481.43,45543.01,6.00
3/14/2018,45426.96,45667.98,43654.68,43949.57,21.00
3/15/2018,43947.99,44076.49,42645.35,43073.01,36.00
3/16/2018,42982.92,42982.92,42090.78,42960.98,17.00
3/19/2018,42878.08,43573.18,42076.79,43573.18,14.00
3/20/2018,43541.92,43541.92,41106.17,41333.62,30.00
3/21/2018,41203.57,41203.57,39995.82,40947.63,26.00
3/22/2018,40748.83,40748.83,38422.17,40173.66,29.00
3/23/2018,40094.78,40754.15,37197.91,40754.15,25.00
3/26/2018,40804.50,43106.95,39630.71,43105.49,18.00
3/27/2018,43187.37,48115.07,42123.04,48115.07,16.00
3/28/2018,47847.55,48430.72,38099.21,38755.73,45.00
3/29/2018,38530.56,39896.99,37468.98,39895.59,12.00
4/2/2018,39572.87,42767.81,39542.81,42623.23,6.00
4/3/2018,42319.43,42415.22,41050.22,42413.68,20.00
4/4/2018,42885.82,45131.63,40272.23,45130.10,16.00
4/5/2018,44747.67,44958.80,43700.78,43700.78,19.00
4/6/2018,44327.78,44775.28,41968.54,44775.28,23.00
4/9/2018,44684.72,47307.73,44001.84,47307.73,11.00
4/10/2018,46977.61,47517.52,45923.27,47078.94,18.00
4/11/2018,47114.13,47114.13,43014.04,43679.24,33.00
4/12/2018,43625.09,43632.04,42486.73,42486.73,22.00
4/13/2018,42445.05,43117.89,42098.26,42901.21,17.00
4/16/2018,43322.07,43322.07,41674.41,41746.79,27.00
4/17/2018,41694.43,43533.70,41611.57,43532.20,5.00
4/18/2018,43478.23,44020.67,43382.35,44019.10,7.00
4/19/2018,43934.06,43934.06,42224.34,42224.34,23.00
4/20/2018,42869.20,44000.46,42537.96,44000.46,6.00
4/23/2018,44020.45,44247.39,43082.45,44247.39,14.00
4/24/2018,43964.77,46793.07,42619.96,46793.07,11.00
4/25/2018,46756.00,47792.93,46496.62,47392.86,13.00
4/26/2018,47001.75,47961.09,46597.69,47959.38,9.00
4/27/2018,50501.71,50501.71,50501.71,50501.71,2.00
4/30/2018,50253.31,52074.60,49491.35,52074.60,13.00
5/1/2018,51826.10,51826.10,49164.90,51518.10,25.00
5/2/2018,51680.69,51680.69,50301.47,51489.65,18.00
5/3/2018,51349.07,52478.94,50525.74,52477.08,16.00
5/4/2018,52279.89,56284.55,51679.01,56282.66,5.00
5/7/2018,56226.28,56919.37,55168.32,55315.23,22.00
5/8/2018,55166.50,55166.50,49602.79,49734.10,53.00
5/9/2018,49457.23,49558.57,47742.17,49556.79,23.00
5/10/2018,49460.85,49460.85,48593.42,49409.69,17.00
5/11/2018,49328.07,49382.98,48630.49,48630.49,25.00
5/14/2018,48813.53,48813.53,47874.98,48569.24,19.00
5/15/2018,49294.52,49294.52,45772.00,45955.53,31.00
5/16/2018,45800.86,45800.86,44595.89,45028.42,23.00
5/17/2018,45007.04,45867.51,44635.52,45867.51,17.00
5/18/2018,45723.64,45723.64,43394.02,43654.93,32.00
5/21/2018,43913.18,44089.79,43307.04,44089.79,13.00
5/22/2018,43984.01,44340.06,43574.59,44340.06,14.00
5/23/2018,44881.17,46631.01,44493.85,46629.42,10.00
5/24/2018,46473.60,47249.23,46197.24,47247.55,13.00
5/25/2018,47158.51,47268.12,46726.85,46858.60,13.00
5/29/2018,46847.51,46847.51,44941.42,45336.57,20.00
5/30/2018,45229.77,45435.51,44868.94,45433.89,12.00
5/31/2018,45357.50,45357.50,43930.17,44376.26,28.00
6/1/2018,44343.53,46040.22,44343.53,46038.63,5.00
6/4/2018,46304.13,46304.13,45576.22,46252.98,10.00
6/5/2018,46062.54,46062.54,44770.31,44938.10,28.00
6/6/2018,44845.76,45201.42,44164.15,45199.81,20.00
6/7/2018,45300.99,45833.25,44856.75,45424.43,13.00
6/8/2018,45163.18,45163.18,43949.39,44647.92,16.00
6/11/2018,44719.60,44719.60,43706.58,43888.95,16.00
6/12/2018,43959.09,43959.09,43415.76,43811.24,22.00
6/13/2018,43680.32,43956.98,43279.81,43882.75,24.00
6/14/2018,43781.78,43990.31,43632.40,43868.19,17.00
6/15/2018,43836.86,43836.86,42753.52,42970.19,17.00
6/18/2018,43047.05,44322.35,43047.05,44320.82,3.00
6/19/2018,44666.26,46471.08,44666.26,46469.49,4.00
6/20/2018,46564.08,46564.08,45252.39,45280.83,17.00
6/21/2018,45046.69,45980.14,44503.19,45980.14,11.00
6/22/2018,46573.58,46573.58,46061.98,46364.26,14.00
6/25/2018,46159.68,48484.08,46042.31,48122.15,9.00
6/26/2018,47965.63,47965.63,46365.98,46597.33,19.00
6/27/2018,46424.85,49118.80,45577.14,49118.80,11.00
6/28/2018,49118.80,49118.80,46000.84,47327.33,22.00
6/29/2018,47261.45,47261.45,45899.94,46908.40,29.00
7/2/2018,46588.53,48708.75,46343.75,48707.07,18.00
7/3/2018,49379.72,50455.82,48515.68,50455.82,12.00
7/5/2018,50315.18,50772.98,49546.28,50771.17,14.00
7/6/2018,50616.99,52570.26,50052.61,52568.45,5.00
7/9/2018,52639.85,53006.87,51840.05,52815.62,28.00
7/10/2018,52861.33,52861.33,50399.15,50399.15,35.00
7/11/2018,50777.00,50777.00,48451.28,48460.90,37.00
7/12/2018,48657.64,50687.03,48579.47,50685.30,4.00
7/13/2018,50570.59,50570.59,49964.96,50037.00,17.00
7/16/2018,49812.41,49812.41,48070.72,48492.25,22.00
7/17/2018,51495.25,51495.25,51493.52,51493.52,2.00
7/18/2018,51390.74,51661.15,51194.77,51401.94,12.00
7/19/2018,51573.69,51573.69,50317.36,50533.27,23.00
7/20/2018,50342.19,50342.19,49392.00,50188.24,21.00
7/23/2018,50075.94,52055.06,50075.94,52053.27,4.00
7/24/2018,51950.13,52929.98,51407.65,52929.98,7.00
7/25/2018,53199.77,54249.63,51731.98,54247.75,18.00
7/26/2018,54223.73,54223.73,53457.08,53755.64,13.00
7/27/2018,53684.48,57821.71,53684.48,57821.71,3.00
7/30/2018,57782.68,59655.49,57782.68,59378.86,17.00
7/31/2018,59648.66,60320.51,59648.66,59934.85,11.00
8/1/2018,59488.03,59488.03,57248.95,57395.75,32.00
8/2/2018,57224.04,61603.36,56987.20,61601.31,5.00
8/3/2018,61256.37,61256.37,59292.40,59907.15,19.00
8/6/2018,59638.61,59638.61,57914.77,59269.24,23.00
8/7/2018,59425.84,59462.84,57720.75,57744.72,36.00
8/8/2018,57882.58,57882.58,56963.23,57151.68,19.00
8/9/2018,57038.64,57038.64,56106.05,56568.00,19.00
8/10/2018,56315.38,56427.97,55181.98,55415.66,26.00
8/13/2018,55268.78,56244.92,54856.99,56244.92,15.00
8/14/2018,56232.49,57510.41,56131.08,57508.40,6.00
8/15/2018,57340.34,57796.50,56483.24,56880.68,21.00
8/16/2018,56803.05,56803.05,55783.35,56688.52,28.00
8/17/2018,56509.40,57509.48,56317.78,57507.46,15.00
8/20/2018,57530.93,58116.42,57365.05,57954.50,11.00
8/21/2018,57913.85,58398.90,57568.00,58398.90,16.00
8/22/2018,58762.06,58762.06,57743.38,58738.45,10.00
8/23/2018,59634.76,59994.98,59185.58,59779.64,23.00
8/24/2018,59819.15,59819.15,59040.79,59759.09,18.00
8/27/2018,59654.93,59999.67,58932.03,59997.54,8.00
8/28/2018,59852.51,59852.51,58231.53,58242.39,26.00
8/29/2018,58192.03,59882.54,57936.09,59880.47,8.00
8/30/2018,59672.90,59672.90,58684.74,59295.84,18.00
8/31/2018,59855.52,59855.52,59525.23,59525.23,12.00
9/4/2018,59422.91,60022.48,57793.85,58060.95,26.00
9/5/2018,58033.84,59884.11,57946.20,58922.50,20.00
9/6/2018,58627.64,59196.74,57320.58,59194.64,12.00
9/7/2018,58814.74,60030.49,58523.99,59013.25,17.00
9/10/2018,58572.95,59193.88,58194.69,58543.59,14.00
9/11/2018,58427.22,61295.39,58422.71,61293.30,6.00
9/12/2018,61224.02,61224.02,56466.31,57123.66,35.00
9/13/2018,56835.74,57220.76,55141.34,55238.42,25.00
9/14/2018,55296.31,55451.92,53400.21,53921.19,26.00
9/17/2018,53790.02,54221.55,52294.81,53604.91,34.00
9/18/2018,55245.11,55245.11,54755.46,54976.04,13.00
9/19/2018,55168.36,56223.28,55168.36,56036.82,20.00
9/20/2018,55805.59,55805.59,53982.14,54808.39,10.00
9/21/2018,54713.75,56008.20,54412.11,56008.20,11.00
9/24/2018,56424.40,58452.94,56040.18,58450.94,5.00
9/25/2018,58486.99,58486.99,56288.17,56729.04,27.00
9/26/2018,56778.24,57653.14,56319.21,57653.14,9.00
9/27/2018,57441.49,58123.93,57115.48,57677.92,15.00
9/28/2018,57690.36,57690.36,55641.68,55875.80,36.00
10/1/2018,55754.22,56621.76,55371.09,56621.76,18.00
10/2/2018,56400.68,57332.60,56242.60,57332.60,18.00
10/3/2018,57062.44,57062.44,54780.64,55429.97,35.00
10/4/2018,58707.78,58707.78,58707.78,58707.78,2.00
10/5/2018,58527.60,60493.68,58278.69,58632.60,19.00
10/8/2018,58787.34,60488.31,58288.01,60486.22,13.00
10/9/2018,60310.72,60389.50,56173.61,56373.35,31.00
10/10/2018,56143.82,63312.58,55588.10,63312.58,6.00
10/11/2018,63356.92,64464.29,56058.83,58070.72,37.00
10/12/2018,58508.86,58508.86,53726.72,55732.26,27.00
10/15/2018,55113.47,55201.76,53501.41,54312.12,20.00
10/16/2018,54299.64,56191.24,52627.68,56189.29,16.00
10/17/2018,57121.91,57207.39,56092.59,56623.98,15.00
10/18/2018,57135.15,58436.75,55218.78,58436.75,16.00
10/19/2018,58088.87,58977.98,55980.82,58977.98,19.00
10/22/2018,58923.82,60182.48,56458.01,56458.01,24.00
10/23/2018,55806.24,56066.94,51810.48,56064.91,17.00
10/24/2018,56000.16,63405.19,54307.02,63405.19,13.00
10/25/2018,63178.99,66434.65,61768.75,66432.38,8.00
10/26/2018,65728.38,67399.16,65305.49,65305.49,15.00
10/29/2018,64673.68,70345.71,62113.21,70345.71,13.00
10/30/2018,69285.43,70282.99,67512.34,70214.76,13.00
10/31/2018,70148.20,70724.02,68394.37,68903.97,19.00
11/1/2018,68887.79,72466.26,68603.52,72463.79,8.00
11/2/2018,71936.36,74987.49,71614.61,74987.49,8.00
11/5/2018,77128.91,77237.59,75595.39,77234.90,15.00
11/6/2018,79812.38,80172.20,78818.03,79611.65,14.00
11/7/2018,79386.68,82362.98,76843.44,82360.13,11.00
11/8/2018,82771.66,82771.66,78038.18,78318.14,30.00
11/9/2018,78137.14,79454.17,78137.14,78569.44,12.00
11/12/2018,78274.56,82791.99,78274.56,82784.38,11.00
11/13/2018,83258.38,83258.38,77046.74,79705.96,25.00
11/14/2018,79365.04,81418.23,77441.60,80760.30,15.00
11/15/2018,80109.93,85034.78,79055.88,85031.88,15.00
11/16/2018,84476.40,85083.72,81935.72,82685.24,29.00
11/19/2018,82467.22,91670.01,82467.22,91670.01,3.00
11/20/2018,90390.14,91216.83,86518.48,86676.24,26.00
11/21/2018,85447.04,85447.04,77416.05,79132.92,40.00
11/23/2018,80741.58,80741.58,78570.09,80701.31,15.00
11/26/2018,80698.40,80698.40,77453.20,79925.33,25.00
11/27/2018,79291.08,79291.08,77427.87,78810.35,21.00
11/28/2018,78274.99,83931.70,75588.40,83928.87,18.00
11/29/2018,83486.08,83486.08,77656.80,78353.78,25.00
11/30/2018,78909.57,78909.57,76721.93,78617.34,21.00
12/3/2018,77764.29,78833.57,77764.29,78151.99,9.00
12/4/2018,77821.04,83760.28,73658.13,83760.28,22.00
12/6/2018,83677.80,87123.35,79383.54,87120.33,12.00
12/7/2018,86931.60,96562.65,85813.52,96562.65,11.00
12/10/2018,94905.23,95641.19,89420.86,93945.82,17.00
12/11/2018,94305.47,94305.47,86162.52,87714.30,26.00
12/12/2018,87668.86,90007.88,85035.34,90007.88,10.00
12/13/2018,89809.52,89809.52,85929.12,85929.12,23.00
12/14/2018,86178.98,88408.10,83714.81,88408.10,16.00
12/17/2018,88669.50,94380.71,87963.26,94380.71,10.00
12/18/2018,94258.34,94258.34,80288.09,80831.84,44.00
12/19/2018,80338.12,84029.69,75632.19,84029.69,16.00
12/20/2018,83659.43,83659.43,76642.01,77955.96,33.00
12/21/2018,77729.27,85954.74,75625.06,85954.74,10.00
12/24/2018,85649.63,88084.61,82572.37,88084.61,15.00
12/26/2018,88955.45,102819.56,85287.97,102816.36,8.00
12/27/2018,102405.96,108694.64,97950.14,108690.91,18.00
12/28/2018,108380.71,109844.20,106314.75,109114.71,13.00
12/31/2018,108715.11,109273.87,98710.34,98710.34,38.00
1/2/2019,99441.70,107220.12,98812.43,107216.54,4.00
1/3/2019,106291.55,107884.53,98117.42,103124.39,27.00
1/4/2019,103283.24,111732.55,102710.05,111728.81,7.00
1/7/2019,111696.21,111696.21,103769.64,107587.27,13.00
1/8/2019,107722.02,109600.10,107342.01,109588.25,10.00
1/9/2019,109228.09,109228.09,103806.38,104157.06,19.00
1/10/2019,104179.41,106211.74,101601.65,106207.98,13.00
1/11/2019,106071.59,106226.75,101363.08,102498.31,25.00
1/14/2019,103241.36,103241.36,100876.05,102183.26,16.00
1/15/2019,102081.10,105580.61,101847.54,105576.92,10.00
1/16/2019,107082.60,107415.10,105834.09,106712.59,19.00
1/17/2019,106655.97,111455.31,106655.97,111451.47,3.00
1/18/2019,112150.75,113342.71,111733.13,111733.13,10.00
1/22/2019,111701.86,116299.08,111098.36,116299.08,6.00
1/23/2019,115842.28,117105.34,113857.11,116484.31,18.00
1/24/2019,115993.06,115993.06,109425.55,110336.55,23.00
1/25/2019,110789.03,112204.46,110328.10,111382.20,15.00
1/28/2019,111022.63,111320.26,108545.98,110434.63,21.00
1/29/2019,110001.67,110271.83,108116.13,110271.83,17.00
1/30/2019,110595.59,113742.91,107375.63,113738.94,20.00
1/31/2019,113248.08,114817.06,111788.98,113468.79,16.00
2/1/2019,114038.10,114804.05,113268.56,114804.05,9.00
2/4/2019,114475.25,118410.12,113288.19,118406.00,6.00
2/5/2019,120023.62,120537.91,119154.16,120533.66,8.00
2/6/2019,120139.70,120139.70,117620.36,117842.12,19.00
2/7/2019,117949.64,118043.45,115983.07,116567.88,17.00
2/8/2019,117350.20,117574.68,113612.88,117570.49,14.00
2/11/2019,117292.69,118393.55,116867.12,118393.55,7.00
2/12/2019,118305.50,122102.62,118305.50,122098.38,3.00
2/13/2019,121728.53,121728.53,116459.69,118021.16,33.00
2/14/2019,118072.34,118072.34,113801.23,115207.65,19.00
2/15/2019,115818.31,115818.31,112675.55,113315.34,19.00
2/19/2019,114477.38,114705.92,114014.04,114014.04,9.00
2/20/2019,113881.89,113881.89,108795.74,108795.74,31.00
2/21/2019,108998.30,108998.30,106564.39,106941.19,14.00
2/22/2019,106866.64,106866.64,102194.03,103157.01,30.00
2/25/2019,102963.87,104195.94,102212.19,104195.94,14.00
2/26/2019,104360.69,104762.15,103522.72,103951.17,15.00
2/27/2019,104263.43,108276.79,104263.43,108273.07,4.00
2/28/2019,108123.07,108123.07,104051.41,104297.43,27.00
3/1/2019,103890.96,103890.96,102221.49,103540.54,22.00
3/4/2019,103422.64,106417.83,102413.55,106414.13,18.00
3/5/2019,106337.15,106337.15,104218.06,104604.81,13.00
3/6/2019,104768.71,105208.07,103946.06,105208.07,12.00
3/7/2019,104863.82,106708.73,103906.37,105418.50,14.00
3/8/2019,104817.59,104817.59,100275.46,103173.28,29.00
3/11/2019,109746.54,109746.54,109742.85,109742.85,2.00
3/12/2019,109814.13,109814.13,106998.74,106998.74,20.00
3/13/2019,106994.91,106994.91,103654.67,104157.79,32.00
3/14/2019,103805.29,103895.65,99278.34,99627.87,45.00
3/15/2019,99336.02,99336.02,98146.85,98860.76,15.00
3/18/2019,99082.86,99315.66,97550.61,97724.44,28.00
3/19/2019,97615.44,97615.44,93245.67,93808.98,35.00
3/20/2019,93616.91,93616.91,90210.14,92241.85,33.00
3/21/2019,98636.01,98636.01,98632.73,98632.73,2.00
3/22/2019,98741.18,104090.67,98088.43,104090.67,13.00
3/25/2019,104016.72,104668.01,101138.66,102047.94,27.00
3/26/2019,102184.20,102184.20,99097.90,100796.76,17.00
3/27/2019,100504.91,101145.71,97578.64,97578.64,29.00
3/28/2019,97163.30,97590.36,95572.57,95941.39,22.00
3/29/2019,95749.24,96023.49,91704.72,92578.70,40.00
4/1/2019,92599.10,92599.10,90396.04,91943.90,14.00
4/2/2019,92102.07,92468.80,91358.90,92465.53,13.00
4/3/2019,92522.66,93714.20,91646.92,93714.20,10.00
4/4/2019,93221.50,94640.48,93221.50,93973.71,13.00
4/5/2019,93627.25,93627.25,89724.28,90067.22,32.00
4/8/2019,89868.52,91288.35,89096.51,91285.15,9.00
4/9/2019,90786.90,90786.90,89762.94,90332.73,14.00
4/10/2019,90388.19,90388.19,88326.27,89299.55,21.00
4/11/2019,89180.94,89235.66,88233.67,88596.81,18.00
4/12/2019,88460.10,88460.10,86085.23,86368.28,33.00
4/15/2019,86312.54,87603.44,85727.48,87600.37,10.00
4/16/2019,87597.25,87597.25,86251.35,86342.09,24.00
4/17/2019,86378.87,86869.46,84266.27,84266.27,31.00
4/18/2019,84317.25,85368.42,84119.36,85365.42,11.00
4/22/2019,85087.74,87297.79,84938.38,87294.76,5.00
4/23/2019,87236.04,90755.54,87103.16,90752.44,5.00
4/24/2019,90387.08,90387.08,88820.62,89980.67,18.00
4/25/2019,90636.53,91104.84,90333.27,90632.16,16.00
4/26/2019,91887.56,93602.54,91326.07,93599.32,7.00
4/29/2019,93399.70,93419.32,92133.78,92228.46,21.00
4/30/2019,92010.80,92557.41,90907.90,92554.13,15.00
5/1/2019,92550.85,93996.83,90331.62,93996.83,20.00
5/2/2019,93555.03,95434.36,92894.78,93097.65,18.00
5/3/2019,92819.38,94559.28,91634.41,94555.98,7.00
5/6/2019,97304.54,99643.51,96856.56,99640.16,6.00
5/7/2019,100127.53,103045.77,99277.49,103045.77,5.00
5/8/2019,102735.39,102735.39,94280.57,95207.20,25.00
5/9/2019,95227.91,99222.80,95037.99,99219.41,10.00
5/10/2019,98767.49,105879.55,97291.34,105876.02,10.00
5/13/2019,105571.43,106260.91,103569.09,106033.92,17.00
5/14/2019,105963.09,106113.32,104059.25,106109.54,10.00
5/15/2019,105301.31,111780.79,104565.31,111777.01,5.00
5/16/2019,111235.79,115577.21,111235.79,112091.75,18.00
5/17/2019,111255.78,111768.81,102465.87,104607.32,42.00
5/20/2019,104445.06,105183.41,96408.55,97008.28,41.00
5/21/2019,96751.96,96751.96,93692.56,93899.25,18.00
5/22/2019,94272.75,94272.75,88350.25,88802.74,39.00
5/23/2019,88660.55,88660.55,86152.76,86699.99,21.00
5/24/2019,86680.68,87509.19,85667.44,87509.19,17.00
5/28/2019,88174.57,89122.51,86308.99,89122.51,21.00
5/29/2019,88920.51,88957.74,83043.15,83100.71,34.00
5/30/2019,83100.71,83100.71,81927.27,82281.88,20.00
5/31/2019,81961.94,82335.79,80093.27,81203.06,17.00
6/3/2019,81259.16,84477.49,80057.71,84477.49,21.00
6/4/2019,83732.69,88102.40,81968.48,88099.38,12.00
6/5/2019,87740.10,89302.73,87177.72,89299.58,14.00
6/6/2019,89357.10,90020.09,87509.09,90016.90,19.00
6/7/2019,89912.84,94443.10,89607.10,94439.89,5.00
6/10/2019,95454.68,97606.17,95265.38,97606.17,9.00
6/11/2019,97521.89,98670.17,95988.87,98670.17,9.00
6/12/2019,98217.41,98235.48,94712.84,94947.14,31.00
6/13/2019,94657.06,94819.16,89275.17,89275.17,49.00
6/14/2019,89643.82,89643.82,88410.28,88818.28,15.00
6/17/2019,88760.08,89474.19,88054.14,88186.29,23.00
6/18/2019,87765.15,87765.15,85859.99,87568.52,14.00
6/19/2019,87362.38,88240.52,86132.02,87312.05,30.00
6/20/2019,87713.97,87713.97,86267.23,87349.04,11.00
6/21/2019,87160.54,87358.17,84691.57,85058.47,34.00
6/24/2019,84841.99,84841.99,82318.25,82874.78,25.00
6/25/2019,88284.25,88284.25,88284.25,88284.25,2.00
6/26/2019,87788.15,88987.36,87175.13,88987.36,10.00
6/27/2019,89178.16,89178.16,87459.16,87589.49,29.00
6/28/2019,87364.85,88223.32,87364.85,87825.88,16.00
7/1/2019,87309.56,88464.10,86712.57,88464.10,7.00
7/2/2019,88554.46,88554.46,86097.86,87646.82,19.00
7/3/2019,87459.61,87649.45,85919.85,87646.34,11.00
7/5/2019,87480.56,88830.42,86690.22,88827.31,12.00
7/8/2019,89517.17,89517.17,87603.08,88312.81,27.00
7/9/2019,91849.00,91849.00,91845.87,91845.87,2.00
7/10/2019,92955.99,93102.12,90905.14,91283.69,30.00
7/11/2019,91053.30,91222.99,90185.62,91222.99,14.00
7/12/2019,90973.54,92446.18,90973.54,92442.95,5.00
7/15/2019,92096.42,92096.42,90091.56,90775.17,27.00
7/16/2019,90640.84,90652.53,89963.10,90539.61,30.00
7/17/2019,90461.44,90461.44,88694.45,90135.76,30.00
7/18/2019,90606.51,91903.00,89409.29,91899.81,16.00
7/19/2019,93263.11,96993.66,93205.96,96993.66,4.00
7/22/2019,97682.16,97682.16,95553.61,96579.86,18.00
7/23/2019,97654.28,97681.35,95838.59,97677.93,23.00
7/24/2019,97451.94,101098.94,97451.94,101095.48,5.00
7/25/2019,102278.07,102590.61,101884.27,102590.61,14.00
7/26/2019,103349.13,103720.69,103009.02,103717.06,6.00
7/29/2019,103610.76,106148.49,103610.76,106144.82,10.00
7/30/2019,105618.02,105987.61,103202.67,103202.67,27.00
7/31/2019,103347.77,107752.53,101840.34,107752.53,14.00
8/1/2019,110671.03,117624.81,110671.03,117624.81,3.00
8/2/2019,117271.47,117271.47,110555.03,110601.05,23.00
8/5/2019,110597.11,113313.78,108906.04,113313.78,16.00
8/6/2019,113437.83,114215.04,111038.69,114211.00,14.00
8/7/2019,114635.16,117412.69,112471.93,117408.62,15.00
8/8/2019,116319.43,123185.96,115071.74,123181.79,6.00
8/9/2019,123523.43,126538.96,123523.43,123731.96,16.00
8/12/2019,123331.91,124128.21,116394.94,118608.30,33.00
8/13/2019,118093.30,126704.51,117650.82,126700.30,8.00
8/14/2019,126481.74,128840.09,121949.88,128840.09,13.00
8/15/2019,127688.81,127688.81,118770.61,118770.61,30.00
8/16/2019,118899.41,118899.41,114466.72,116158.70,16.00
8/19/2019,116479.54,117211.25,115805.20,115805.20,16.00
8/20/2019,115608.16,117160.05,114821.17,117160.05,13.00
8/21/2019,116812.57,116957.35,115509.80,115679.45,21.00
8/22/2019,115581.57,117468.64,114121.73,116256.65,24.00
8/23/2019,115783.93,123832.25,112601.97,123832.25,13.00
8/26/2019,122858.72,122858.72,115189.41,117094.91,27.00
8/27/2019,117216.59,117216.59,114048.39,117086.42,18.00
8/28/2019,117693.53,121518.53,117693.53,121514.37,3.00
8/29/2019,122603.43,122603.43,119710.95,119710.95,23.00
8/30/2019,120010.78,122391.41,119757.18,122055.52,5.00
9/3/2019,121841.34,122024.88,114296.38,114659.82,24.00
9/4/2019,114439.68,115484.19,113135.07,115480.11,18.00
9/5/2019,117807.15,117807.15,114715.11,115410.21,28.00
9/6/2019,116247.51,116295.67,115500.59,115809.41,16.00
9/9/2019,116191.06,117132.37,115639.17,117132.37,14.00
9/10/2019,118680.53,118680.53,113020.08,115683.53,27.00
9/11/2019,115121.44,117549.94,113929.27,117545.84,9.00
9/12/2019,116910.13,117197.09,113774.84,115274.17,30.00
9/13/2019,115461.37,115461.37,114408.69,115097.70,16.00
9/16/2019,114973.27,115671.01,112154.20,112294.30,31.00
9/17/2019,112032.48,112032.48,108349.56,110172.34,29.00
9/18/2019,110214.29,110214.29,103056.44,105948.83,35.00
9/19/2019,107046.83,108254.33,106572.55,108254.33,11.00
9/20/2019,108097.39,111975.20,107001.80,111975.20,13.00
9/23/2019,111646.20,111830.39,110370.66,110790.22,16.00
9/24/2019,110855.75,118116.33,110176.38,118116.33,8.00
9/25/2019,117839.68,123550.58,116385.26,123546.39,10.00
9/26/2019,124791.93,124891.98,121344.05,122805.18,25.00
9/27/2019,124459.06,126479.37,122577.73,126479.37,8.00
9/30/2019,125989.96,125996.33,123497.80,125991.84,11.00
10/1/2019,126788.34,133014.88,125882.78,133014.88,5.00
10/2/2019,135014.25,135547.71,132703.56,133045.51,16.00
10/3/2019,131506.95,131506.95,123268.83,131244.60,11.00
10/4/2019,131553.26,131632.20,127712.20,131627.54,14.00
10/7/2019,131147.54,131496.68,129772.80,131496.68,20.00
10/8/2019,131182.36,132388.22,126083.02,129545.71,24.00
10/9/2019,129430.27,129536.50,125683.37,126731.75,17.00
10/10/2019,126348.26,128641.17,122008.09,122676.09,35.00
10/11/2019,124525.05,124525.05,118846.95,120327.97,25.00
10/14/2019,119925.25,120349.30,117374.36,117672.02,31.00
10/15/2019,118580.37,122177.69,118551.69,122173.52,4.00
10/16/2019,121763.59,121763.59,119364.90,119588.45,23.00
10/17/2019,119440.79,120630.15,119181.80,119551.08,17.00
10/18/2019,119452.20,121091.41,117931.49,121020.24,19.00
10/21/2019,120744.14,122317.42,120388.33,122313.14,6.00
10/22/2019,122136.88,126431.51,120667.33,126431.51,7.00
10/23/2019,126114.83,127302.12,126036.36,127297.64,14.00
10/24/2019,127424.58,128260.87,126863.38,128256.36,17.00
10/25/2019,134225.61,134225.61,134221.07,134221.07,2.00
10/28/2019,134302.88,135569.82,133797.92,135565.08,8.00
10/29/2019,135263.13,136197.59,134410.99,136197.59,25.00
10/30/2019,136914.28,137243.01,132501.85,135025.93,35.00
10/31/2019,133959.28,133959.28,131370.91,132107.01,18.00
11/1/2019,132182.41,133798.16,131478.78,133793.49,19.00
11/4/2019,133206.09,133206.09,131176.18,131176.18,23.00
11/5/2019,131407.35,131407.35,130580.50,130864.17,10.00
11/6/2019,131357.16,131357.16,129182.09,129964.67,13.00
11/7/2019,129882.41,130597.80,127549.74,129611.55,20.00
11/8/2019,129223.05,131897.79,128907.44,131893.21,10.00
11/11/2019,131572.24,132717.52,130714.92,132712.87,9.00
11/12/2019,132633.73,133620.77,132312.36,133620.77,7.00
11/13/2019,133589.44,134223.08,133434.02,133588.60,13.00
11/14/2019,133344.40,133663.60,131653.88,132818.69,21.00
11/15/2019,132477.96,133599.58,132477.96,133594.90,16.00
11/18/2019,134117.99,135208.73,132883.77,135204.02,11.00
11/19/2019,136525.75,136525.75,135916.86,135916.86,12.00
11/20/2019,135349.06,135349.06,132958.07,135149.24,18.00
11/21/2019,135465.71,135465.71,129126.10,129174.93,31.00
11/22/2019,128715.03,128850.24,127653.01,128592.06,20.00
11/25/2019,131810.24,131810.24,131805.70,131805.70,2.00
11/26/2019,131289.90,131289.90,129357.14,129811.97,14.00
11/27/2019,129782.09,131772.35,129367.90,131767.78,7.00
11/29/2019,131665.22,131665.22,130206.15,131432.23,13.00
12/2/2019,136685.84,136685.84,134745.67,134745.67,12.00
12/3/2019,134282.93,134282.93,128501.28,131997.43,21.00
12/4/2019,131606.23,131606.23,127378.96,127817.33,39.00
12/5/2019,127737.19,128038.04,127017.86,128033.53,15.00
12/6/2019,127783.03,127783.03,126198.25,127295.50,16.00
12/9/2019,128414.20,131312.48,128414.20,131312.48,3.00
12/10/2019,131796.91,132595.78,131050.78,131920.29,16.00
12/11/2019,131967.30,133513.56,131781.84,133508.92,15.00
12/12/2019,133269.49,134849.87,131752.30,133599.50,17.00
12/13/2019,133128.59,134733.15,131289.49,131615.48,11.00
12/16/2019,132851.26,132851.26,132334.21,132334.21,6.00
12/17/2019,132207.91,132207.91,128554.75,128575.39,41.00
12/18/2019,128599.92,129127.38,128086.71,129127.38,17.00
12/19/2019,129201.21,131081.66,128744.66,131077.12,8.00
12/20/2019,130552.35,130552.35,128743.90,128743.90,23.00
12/23/2019,128593.64,128593.64,126670.64,127151.92,38.00
12/24/2019,127079.98,127770.93,127079.98,127580.46,12.00
12/26/2019,130943.26,130943.26,130938.78,130938.78,2.00
12/27/2019,130836.51,130974.36,129772.25,130526.54,20.00
12/30/2019,130203.98,133356.32,129861.68,132063.22,10.00
12/31/2019,130459.22,131084.08,129489.20,131079.44,13.00
1/2/2020,130688.40,134599.08,130512.58,134594.49,12.00
1/3/2020,135777.95,135777.95,132413.48,133637.21,25.00
1/6/2020,141307.96,141307.96,141303.27,141303.27,2.00
1/7/2020,140983.68,140983.68,138358.03,138510.34,16.00
1/8/2020,137424.40,140174.34,137424.40,140169.48,11.00
1/9/2020,139964.84,139964.84,133861.98,134395.09,48.00
1/10/2020,135001.88,136202.24,133514.15,136202.24,12.00
1/13/2020,135830.09,139284.62,135736.79,139279.86,10.00
1/14/2020,138624.40,138968.08,133816.97,134696.54,27.00
1/15/2020,134300.47,134760.18,130945.36,132039.54,30.00
1/16/2020,131653.00,132069.56,129665.42,132064.94,19.00
1/17/2020,132676.00,132676.00,130633.43,132336.65,25.00
1/21/2020,132550.40,132550.40,129662.82,129800.39,20.00
1/22/2020,129518.05,130050.27,127791.21,129635.47,22.00
1/23/2020,130766.76,130766.76,127732.48,129977.38,21.00
1/24/2020,129724.05,134706.12,128392.22,134706.12,11.00
1/27/2020,133685.42,134328.66,130342.23,130880.47,20.00
1/28/2020,130380.25,134826.40,130151.80,134821.82,8.00
1/29/2020,134700.77,136241.48,133250.33,133950.02,29.00
1/30/2020,135991.22,136503.70,132723.82,136499.01,20.00
1/31/2020,146767.44,146767.44,146767.44,146767.44,2.00
2/3/2020,150200.13,150200.13,143656.33,143730.43,28.00
2/4/2020,144235.21,147556.86,142792.10,147551.84,9.00
2/5/2020,152163.69,152163.69,150209.29,150209.29,8.00
2/6/2020,150177.76,154463.03,150177.76,154457.79,3.00
2/7/2020,153345.81,153345.81,148798.29,150476.21,16.00
2/10/2020,159240.77,159240.77,159235.52,159235.52,2.00
2/11/2020,158334.62,161117.89,157683.64,161117.89,11.00
2/12/2020,160924.83,162234.98,159369.26,162229.37,8.00
2/13/2020,160465.39,162296.42,160014.36,160083.13,12.00
2/14/2020,159777.03,159777.03,158180.29,159103.94,17.00
2/18/2020,157953.05,158261.69,156358.39,158256.15,9.00
2/19/2020,157982.54,158780.67,156985.07,158662.73,7.00
2/20/2020,158609.09,162587.28,156822.20,160863.99,14.00
2/21/2020,160258.99,167229.96,160258.99,167229.96,15.00
2/24/2020,172369.06,172369.06,167973.34,170525.14,15.00
2/25/2020,167265.92,182274.19,160549.31,182274.19,9.00
2/26/2020,184755.41,192601.40,184007.72,192601.40,9.00
2/27/2020,188744.06,188744.06,162382.93,182195.67,27.00
2/28/2020,183468.27,183468.27,143564.22,159370.59,32.00
3/2/2020,157786.67,170968.58,145668.90,170962.99,16.00
3/3/2020,169470.86,169470.86,143421.91,164626.23,12.00
3/4/2020,163979.43,166316.73,149355.45,164604.40,22.00
3/5/2020,164140.60,168312.36,158902.88,168312.36,11.00
3/6/2020,169460.71,169460.71,148687.78,154918.01,32.00
3/9/2020,154308.87,163094.93,142050.25,152549.08,29.00
3/10/2020,152725.91,159540.10,139709.98,159534.72,25.00
3/11/2020,159016.77,168889.81,157597.80,168889.81,10.00
3/12/2020,168150.61,175862.27,149586.63,170661.93,19.00
3/13/2020,166629.30,190898.83,151200.99,190892.78,22.00
3/16/2020,214867.79,226321.70,187325.16,226321.70,17.00
3/17/2020,220619.63,220619.63,193497.07,216709.52,20.00
3/18/2020,235570.34,235570.34,209498.63,231711.29,18.00
3/19/2020,240487.72,253620.52,221948.72,232166.94,18.00
3/20/2020,227434.46,263490.31,211398.64,263490.31,14.00
3/23/2020,260067.00,263411.82,214556.59,221385.84,33.00
3/24/2020,219750.38,219750.38,178503.98,191995.25,33.00
3/25/2020,186359.07,196415.93,174905.09,190952.25,22.00
3/26/2020,187739.43,208906.08,186408.80,208899.31,12.00
3/27/2020,205955.71,206216.84,182968.14,190836.71,27.00
3/30/2020,191691.83,208818.71,190051.40,208811.95,6.00
3/31/2020,207494.44,219276.50,203021.59,219276.50,12.00
4/1/2020,220176.34,227697.46,209963.69,227697.46,13.00
4/2/2020,227797.34,234030.11,223831.05,234022.01,20.00
4/3/2020,232852.41,240573.04,229014.67,239996.49,12.00
4/6/2020,240593.74,273677.79,240593.74,273669.30,3.00
4/7/2020,271326.89,287457.39,266152.64,287457.39,16.00
4/8/2020,286646.79,286646.79,269906.19,281121.72,18.00
4/9/2020,279717.80,280183.49,275748.95,276965.06,16.00
4/13/2020,276123.82,283726.57,268461.01,283716.81,19.00
4/14/2020,283542.27,306647.82,283542.27,306637.85,7.00
4/15/2020,306391.67,309968.68,282573.85,285024.92,29.00
4/16/2020,283840.88,284990.56,266488.60,273954.01,30.00
4/17/2020,271926.81,282822.57,271926.81,282812.96,6.00
4/20/2020,284934.16,288444.84,278907.02,288444.84,19.00
4/21/2020,285913.90,304338.60,283234.58,297420.47,16.00
4/22/2020,295475.75,295475.75,282291.46,292960.52,13.00
4/23/2020,292507.35,298207.37,279339.45,292153.48,24.00
4/24/2020,290660.65,307409.30,289169.54,307399.04,10.00
4/27/2020,306761.92,306761.92,300580.01,301880.92,20.00
4/28/2020,302649.43,329289.24,301146.07,329289.24,4.00
4/29/2020,328789.61,345866.81,328789.61,345855.27,3.00
4/30/2020,349307.06,350380.44,342890.42,347528.67,15.00
5/1/2020,349275.57,349275.57,327303.43,344146.62,19.00
5/4/2020,341856.73,352579.59,334287.55,352567.52,15.00
5/5/2020,351970.97,368842.85,351970.97,368842.85,4.00
5/6/2020,367215.21,368950.26,361301.43,367059.97,16.00
5/7/2020,364332.93,364332.93,341652.04,341652.04,38.00
5/8/2020,343169.84,345364.59,339764.77,345352.65,13.00
5/11/2020,345093.29,364687.06,345093.29,364675.00,3.00
5/12/2020,361921.71,396374.51,361921.71,396374.51,9.00
5/13/2020,395591.31,420598.31,395591.31,420598.31,7.00
5/14/2020,419750.65,435985.10,402887.86,435970.38,22.00
5/15/2020,435174.08,458042.97,429647.39,458027.73,10.00
5/18/2020,454304.49,454304.49,437859.93,447071.10,12.00
5/19/2020,443832.07,458768.27,442374.47,458768.27,12.00
5/20/2020,464112.86,464112.86,437598.80,441716.28,26.00
5/21/2020,439809.03,453132.47,438800.73,453132.47,9.00
5/22/2020,450832.19,452961.13,441090.86,450199.15,20.00
5/26/2020,453193.48,479716.72,451879.21,479716.72,4.00
5/27/2020,474769.57,519313.08,474769.57,519296.34,8.00
5/28/2020,517758.69,530802.28,512839.24,530802.28,11.00
5/29/2020,530507.11,530968.16,500725.74,519655.13,23.00
6/1/2020,513460.82,513460.82,502663.77,511112.06,13.00
6/2/2020,511356.25,524185.27,504389.93,524167.48,19.00
6/3/2020,522285.27,522285.27,492652.82,497339.92,31.00
6/4/2020,494289.25,513366.46,494289.25,513366.46,10.00
6/5/2020,512062.51,539569.25,512044.64,539551.40,6.00
6/8/2020,537479.10,556504.62,528156.91,556485.88,8.00
6/9/2020,556023.68,565983.43,549479.63,565964.10,10.00
6/10/2020,565040.70,565040.70,518645.21,520834.30,28.00
6/11/2020,519888.41,591743.76,519888.41,591743.76,7.00
6/12/2020,590159.60,594027.00,576045.95,593064.67,16.00
6/15/2020,588685.98,641526.62,588685.98,641505.99,8.00
6/16/2020,637083.81,637083.81,566945.23,566945.23,33.00
6/17/2020,565903.54,565903.54,532362.61,538656.73,22.00
6/18/2020,534121.46,534121.46,487509.69,493061.45,41.00
6/19/2020,492083.98,500287.11,481344.21,500287.11,16.00
6/22/2020,499056.51,510067.67,486853.18,510050.32,8.00
6/23/2020,509950.46,512427.35,501090.18,512427.35,18.00
6/24/2020,515813.13,555613.88,515813.13,555613.88,3.00
6/25/2020,552882.68,554296.35,526140.85,549392.88,24.00
6/26/2020,545907.45,559501.64,528083.28,548288.06,25.00
6/29/2020,543537.86,592949.00,543537.86,592929.96,4.00
6/30/2020,613731.54,633935.45,612646.05,633914.88,4.00
7/1/2020,635142.60,646636.29,620242.89,646614.33,8.00
7/2/2020,643934.48,644012.32,618027.64,630156.34,30.00
7/6/2020,629762.02,639964.17,621363.28,630544.10,14.00
7/7/2020,624753.87,645022.25,617047.56,645022.25,14.00
7/8/2020,644122.34,646395.34,606848.91,621500.16,32.00
7/9/2020,619010.00,619010.00,594850.80,614331.74,31.00
7/10/2020,612059.32,653184.05,609810.28,653162.85,5.00
7/13/2020,653064.97,733866.08,638004.58,733866.08,15.00
7/14/2020,750367.04,789196.49,738583.41,789171.14,10.00
7/15/2020,788420.28,788420.28,748228.72,753414.78,23.00
7/16/2020,747239.22,749718.33,730395.18,749692.29,20.00
7/17/2020,748075.01,748462.77,733169.95,740328.60,16.00
7/20/2020,740556.22,825445.02,740556.22,825419.49,4.00
7/21/2020,825883.71,825883.71,789110.59,812300.04,22.00
7/22/2020,806737.90,806737.90,776658.84,783883.09,35.00
7/23/2020,783499.93,834055.98,763272.27,834055.98,16.00
7/24/2020,828893.92,842789.80,824294.22,842760.94,15.00
7/27/2020,836340.96,842716.50,809812.23,834063.55,24.00
7/28/2020,838022.25,838022.25,781788.00,806521.40,32.00
7/29/2020,802746.82,802746.82,773336.26,780275.91,21.00
7/30/2020,784511.26,815485.16,776777.96,815458.21,10.00
7/31/2020,824167.34,847491.18,807493.24,847463.05,15.00
8/3/2020,843008.43,849701.27,799887.06,799887.06,21.00
8/4/2020,800243.79,805565.80,790538.63,802862.11,18.00
8/5/2020,802240.75,802240.75,755405.03,758341.38,45.00
8/6/2020,756103.58,794983.47,756103.58,794957.37,6.00
8/7/2020,792374.26,794609.55,765049.26,794609.55,16.00
8/10/2020,793529.27,817453.86,790928.68,817222.22,13.00
8/11/2020,825698.36,845838.31,798429.08,845838.31,12.00
8/12/2020,852159.31,898679.32,851373.07,898650.19,4.00
8/13/2020,889517.45,889517.45,855043.04,869203.30,22.00
8/14/2020,868664.01,868664.01,843111.01,847781.15,31.00
8/17/2020,845274.96,849482.80,838217.39,847205.17,13.00
8/18/2020,852106.77,870305.76,851920.26,870276.62,6.00
8/19/2020,868523.96,884120.76,867993.04,884120.76,15.00
8/20/2020,943607.00,943607.00,943576.62,943576.62,2.00
8/21/2020,942363.87,942363.87,908712.83,926267.12,18.00
8/24/2020,925098.47,946574.87,922728.66,931496.06,17.00
8/25/2020,928073.16,928073.16,893565.68,926808.27,12.00
8/26/2020,923324.73,948864.24,893041.88,948832.48,16.00
8/27/2020,955285.96,955285.96,885124.95,887829.36,22.00
8/28/2020,883459.68,883459.68,829986.56,833845.42,28.00
8/31/2020,828691.34,830289.84,819513.99,830261.28,9.00
9/1/2020,835035.53,852545.32,827733.27,852516.91,9.00
9/2/2020,854740.56,881454.02,852035.52,881424.87,13.00
9/3/2020,869363.37,956539.23,839204.78,956539.23,7.00
9/4/2020,970839.78,1082120.37,965585.59,1015045.39,22.00
9/8/2020,989771.97,989771.97,896972.07,964800.29,26.00
9/9/2020,957801.79,986256.79,942988.95,986223.61,14.00
9/10/2020,975222.13,1009972.41,896952.62,1009972.41,24.00
9/11/2020,1002474.90,1009804.14,943569.65,960301.90,17.00
9/14/2020,952148.85,971237.36,952148.85,970371.11,6.00
9/15/2020,965879.51,971968.98,957940.30,961519.90,14.00
9/16/2020,958598.93,1000355.93,944711.41,1000355.93,20.00
9/17/2020,1010967.59,1010967.59,919958.53,936120.37,30.00
9/18/2020,946424.63,974013.13,926861.22,941899.78,16.00
9/21/2020,924910.66,948399.75,887005.56,948367.28,19.00
9/22/2020,941483.76,988459.21,932940.10,988426.56,12.00
9/23/2020,993771.94,1070584.19,977641.41,1070584.19,16.00
9/24/2020,1060965.42,1060965.42,983655.33,984102.35,25.00
9/25/2020,978884.90,1037895.20,948376.36,1037861.31,11.00
9/28/2020,1035869.88,1036440.60,982816.11,1009322.97,27.00
9/29/2020,1006660.25,1007973.44,936589.09,944441.61,32.00
9/30/2020,941983.53,965008.02,917715.16,917715.16,24.00
10/1/2020,915858.59,915858.59,869940.48,876684.03,27.00
10/2/2020,891760.14,893296.69,844797.59,893296.69,17.00
10/5/2020,892521.67,922758.00,889906.94,922727.30,10.00
10/6/2020,923255.10,951861.82,907105.17,951861.82,13.00
10/7/2020,957065.92,972376.85,951054.77,972344.14,10.00
10/8/2020,978098.76,978098.76,944119.86,944119.86,33.00
10/9/2020,942085.99,967516.89,940495.56,967484.49,11.00
10/12/2020,963581.84,1009345.10,954579.35,1009311.96,7.00
10/13/2020,1021152.90,1021152.90,961909.97,971863.66,28.00
10/14/2020,966553.58,995851.78,958826.35,964905.53,18.00
10/15/2020,981158.25,981595.46,956682.62,981562.37,16.00
10/16/2020,982202.08,1004362.25,965259.98,1004362.25,22.00
10/19/2020,1003220.94,1105844.82,1003220.94,1105844.82,4.00
10/20/2020,1104874.10,1106428.30,1035187.40,1047708.49,20.00
10/21/2020,1071559.75,1071559.75,1004756.45,1025276.56,31.00
10/22/2020,1023984.34,1040974.87,1010953.33,1040939.67,18.00
10/23/2020,1056553.75,1056553.75,996738.28,1024657.24,25.00
10/26/2020,1042346.02,1092836.84,1042346.02,1092836.84,3.00
10/27/2020,1092643.87,1092643.87,1048050.56,1057158.02,31.00
10/28/2020,1052449.74,1125142.18,1052449.74,1125142.18,7.00
10/29/2020,1118735.65,1158309.55,1114050.98,1158270.84,6.00
10/30/2020,1148768.65,1206083.65,1130171.40,1206083.65,8.00
11/2/2020,1200712.91,1226789.97,1185914.47,1226789.97,8.00
11/3/2020,1232342.29,1283799.44,1228505.24,1239119.33,21.00
11/4/2020,1238420.41,1285576.10,1238420.41,1267741.96,10.00
11/5/2020,1268736.94,1268736.94,1198293.06,1201525.43,27.00
11/6/2020,1230175.51,1283777.76,1230175.51,1283736.60,3.00
11/9/2020,1277471.49,1378328.81,1228436.35,1378328.81,10.00
11/10/2020,1363659.29,1365825.66,1202553.15,1202553.15,31.00
11/11/2020,1197465.57,1232643.51,1183635.36,1232602.28,9.00
11/12/2020,1231203.38,1231203.38,1165130.68,1206952.46,18.00
11/13/2020,1201298.26,1201298.26,1174147.15,1199783.74,18.00
11/16/2020,1189384.96,1189384.96,1131048.86,1146946.79,26.00
11/17/2020,1139083.49,1139211.70,1102156.25,1112458.48,26.00
11/18/2020,1111391.05,1111391.05,1057016.38,1083208.25,23.00
11/19/2020,1076778.46,1105490.61,1066676.19,1105453.49,8.00
11/20/2020,1104658.80,1104658.80,1050551.68,1079710.84,40.00
11/23/2020,1080598.96,1105735.79,1065405.12,1065405.12,33.00
11/24/2020,1075022.42,1111044.47,1055193.68,1111007.98,13.00
11/25/2020,1107359.85,1107359.85,1067218.40,1082033.88,21.00
11/27/2020,1079238.05,1081414.55,1067087.47,1079804.66,10.00
11/30/2020,1078218.90,1098447.06,1065404.62,1098410.11,14.00
12/1/2020,1100120.46,1119979.13,1097459.57,1105584.42,15.00
12/2/2020,1116382.43,1154251.67,1116382.43,1154213.88,3.00
12/3/2020,1156488.93,1156488.93,1120187.83,1128026.90,31.00
12/4/2020,1125021.55,1126024.23,1101801.14,1110045.55,25.00
12/7/2020,1125586.23,1125586.23,1095674.93,1101569.72,30.00
12/8/2020,1097693.60,1122079.57,1088419.23,1122041.94,8.00
12/9/2020,1126377.02,1206356.91,1117651.56,1206356.91,10.00
12/10/2020,1201798.67,1220410.56,1184468.74,1191938.09,19.00
12/11/2020,1179274.09,1179274.09,1122267.06,1153909.91,24.00
12/14/2020,1152997.37,1158120.29,1140152.65,1158120.29,17.00
12/15/2020,1152225.05,1155417.00,1127672.83,1155377.44,18.00
12/16/2020,1153274.64,1166464.45,1148826.40,1166424.99,10.00
12/17/2020,1165333.85,1166835.45,1126344.24,1134720.67,37.00
12/18/2020,1130935.85,1158583.57,1130935.85,1158544.83,6.00
12/21/2020,1163832.63,1230158.38,1160775.30,1230118.82,10.00
12/22/2020,1229917.85,1229917.85,1177335.16,1186683.01,37.00
12/23/2020,1180862.17,1186036.23,1125463.49,1142765.08,39.00
12/24/2020,1152981.22,1152981.22,1141785.85,1145173.35,14.00
12/28/2020,1145721.39,1164026.50,1141131.07,1163987.43,7.00
12/29/2020,1160282.93,1160282.93,1137271.39,1140948.43,25.00
12/30/2020,1137422.55,1150019.14,1121104.40,1121104.40,30.00
12/31/2020,1120244.78,1121496.23,1088569.94,1101582.00,32.00
1/4/2021,1106445.48,1161633.42,1092943.60,1161633.42,6.00
1/5/2021,1181346.30,1181346.30,1131635.98,1154511.15,24.00
1/6/2021,1144301.63,1196537.28,1144301.63,1196537.28,9.00
1/7/2021,1189866.26,1254687.63,1189866.26,1254646.82,3.00
1/8/2021,1247645.01,1247645.01,1138777.71,1166727.50,35.00
1/11/2021,1161662.51,1161662.51,1114481.26,1137636.65,20.00
1/12/2021,1142264.49,1142478.31,1109718.78,1113320.17,22.00
1/13/2021,1109781.67,1120695.70,1102300.70,1120657.73,8.00
1/14/2021,1119203.02,1144021.36,1108962.60,1144021.36,14.00
1/15/2021,1147661.11,1155572.83,1115065.87,1129942.30,31.00
1/19/2021,1123622.14,1123622.14,1072342.55,1106410.69,22.00
1/20/2021,1101114.93,1141965.31,1094994.31,1141927.64,5.00
1/21/2021,1142591.77,1142591.77,1107673.00,1130460.28,15.00
1/22/2021,1128098.30,1129054.09,1107660.79,1107660.79,30.00
1/25/2021,1111159.61,1141635.71,1089816.06,1141598.03,16.00
1/26/2021,1139377.87,1139377.87,1066801.13,1066801.13,39.00
1/27/2021,1085825.06,1097555.68,1047085.80,1097555.68,26.00
1/28/2021,1098103.00,1144987.32,1080120.38,1144987.32,7.00
1/29/2021,1141262.30,1141262.30,1099532.15,1099532.15,18.00
2/1/2021,1094977.16,1148408.52,1082650.31,1148371.07,12.00
2/2/2021,1144380.62,1150020.22,1118953.51,1135652.98,15.00
2/3/2021,1138784.21,1152517.97,1128189.41,1152517.97,16.00
2/4/2021,1152939.56,1156333.07,1117488.83,1156293.87,16.00
2/5/2021,1160864.66,1161230.94,1146121.22,1148874.70,21.00
2/8/2021,1146352.19,1146352.19,1115727.54,1128396.45,23.00
2/9/2021,1129887.72,1136445.65,1112633.80,1115570.95,29.00
2/10/2021,1105193.83,1132438.90,1086461.06,1086461.06,29.00
2/11/2021,1084902.62,1084902.62,1061409.35,1068919.38,28.00
2/12/2021,1063539.18,1087206.69,1054039.15,1087170.37,10.00
2/16/2021,1081588.16,1090727.43,1067173.83,1090727.43,10.00
2/17/2021,1088628.87,1088628.87,1039867.01,1069495.79,16.00
2/18/2021,1070107.27,1073015.43,1037700.36,1070338.32,23.00
2/19/2021,1077227.98,1079514.12,1053585.42,1079514.12,18.00
2/22/2021,1070135.73,1089981.55,1048495.68,1089981.55,13.00
2/23/2021,1084986.47,1164460.80,1078521.15,1164423.67,19.00
2/24/2021,1161505.47,1197290.93,1115553.95,1197251.29,10.00
2/25/2021,1219441.86,1370279.10,1217474.12,1370279.10,5.00
2/26/2021,1366464.74,1366884.03,1324562.81,1331605.93,16.00
3/1/2021,1326105.82,1366244.93,1296038.97,1366199.59,8.00
3/2/2021,1390271.45,1390271.45,1341709.58,1389305.04,26.00
3/3/2021,1385459.22,1483961.67,1384799.20,1483961.67,15.00
3/4/2021,1499310.47,1631783.88,1499310.47,1631783.88,5.00
3/5/2021,1673292.37,1786059.79,1629880.53,1786004.07,9.00
3/8/2021,1801495.11,1834848.86,1662664.42,1834848.86,18.00
3/9/2021,1821892.60,1855347.46,1762625.42,1855284.84,7.00
3/10/2021,1853104.13,1870856.26,1791547.52,1870856.26,10.00
3/11/2021,1849234.56,1849234.56,1786052.72,1827143.43,11.00
3/12/2021,1838731.59,1838731.59,1779851.77,1831113.26,13.00
3/15/2021,1832443.89,1860619.68,1788013.07,1860557.27,21.00
3/16/2021,1848198.94,1900229.97,1830931.63,1900229.97,14.00
3/17/2021,1892018.11,1911172.16,1792007.38,1858145.58,23.00
3/18/2021,1854865.24,1854865.24,1713929.19,1816064.73,35.00
3/19/2021,1814902.48,1814902.48,1768708.60,1790032.04,12.00
3/22/2021,1797740.52,1807025.76,1758388.46,1806964.75,8.00
3/23/2021,1804189.02,1804189.02,1708028.00,1759126.04,26.00
3/24/2021,1756633.65,1899636.09,1753538.95,1899636.09,8.00
3/25/2021,1881650.46,1883854.65,1822864.79,1851463.78,17.00
3/26/2021,1855032.58,1891583.75,1804227.99,1891520.62,22.00
3/29/2021,1880735.47,1891873.31,1782555.24,1812309.01,28.00
3/30/2021,1794308.17,1794308.17,1683933.48,1683933.48,29.00
3/31/2021,1675133.63,1730129.02,1663998.30,1730129.02,6.00
4/1/2021,1725356.60,1730495.00,1641240.67,1653785.35,37.00
4/5/2021,1646107.07,1705606.09,1634519.69,1705549.85,4.00
4/6/2021,1701364.05,1701364.05,1655944.60,1663508.97,28.00
4/7/2021,1659422.00,1666023.02,1613307.99,1616865.11,29.00
4/8/2021,1609655.47,1609655.47,1547741.39,1559672.91,33.00
4/9/2021,1558311.10,1607799.24,1548908.09,1607746.26,9.00
4/12/2021,1606926.12,1606926.12,1538690.12,1549158.10,41.00
4/13/2021,1549158.10,1558623.04,1527045.13,1551650.29,24.00
4/14/2021,1552691.41,1584381.24,1518376.16,1584381.24,12.00
4/15/2021,1594272.10,1599649.97,1585199.41,1599596.19,16.00
4/16/2021,1610216.29,1610216.29,1579471.06,1590849.39,23.00
4/19/2021,1601690.17,1628955.80,1596171.70,1628955.80,9.00
4/20/2021,1626262.06,1634968.15,1603814.17,1631760.43,11.00
4/21/2021,1622417.71,1689528.64,1605552.60,1689473.23,6.00
4/22/2021,1684488.23,1715056.63,1652598.51,1715056.63,15.00
4/23/2021,1719341.05,1758128.94,1701891.18,1758070.71,6.00
4/26/2021,1754759.19,1791090.66,1746833.37,1791030.99,6.00
4/27/2021,1789712.54,1817738.23,1761226.08,1766007.24,44.00
4/28/2021,1763304.41,1778375.29,1731204.80,1747580.79,19.00
4/29/2021,1737176.79,1798900.49,1737176.79,1798841.16,4.00
4/30/2021,1822284.36,1822284.36,1793307.12,1811089.31,13.00
5/3/2021,1807030.91,1874210.58,1807030.91,1874210.58,7.00
5/4/2021,1872412.42,1968351.12,1872412.42,1958966.85,10.00
5/5/2021,1960380.69,1970158.50,1894379.85,1952475.02,19.00
5/6/2021,1949793.89,1949793.89,1881369.59,1942794.99,15.00
5/7/2021,1940632.76,1944358.36,1907401.30,1931310.55,16.00
5/10/2021,1986138.48,2062585.75,1968673.08,2062585.75,8.00
5/11/2021,2059231.23,2109576.09,2022697.17,2109505.87,8.00
5/12/2021,2112135.47,2215495.24,2103127.23,2215495.24,5.00
5/13/2021,2203336.28,2203336.28,2102316.30,2113326.80,23.00
5/14/2021,2104346.15,2169807.48,2082134.63,2169735.55,9.00
5/17/2021,2174479.20,2189127.62,2065431.56,2092460.03,25.00
5/18/2021,2094190.25,2129251.35,2042673.14,2129251.35,20.00
5/19/2021,2140807.17,2219760.92,2092762.10,2219688.40,10.00
5/20/2021,2340363.64,2340363.64,2340288.13,2340288.13,2.00
5/21/2021,2359754.86,2428009.48,2349170.44,2428009.48,6.00
5/24/2021,2419373.05,2507193.65,2419373.05,2507111.11,3.00
5/25/2021,2495015.49,2495015.49,2464447.16,2464447.16,14.00
5/26/2021,2456774.82,2456774.82,2418741.02,2418741.02,21.00
5/27/2021,2407439.99,2407439.99,2362115.26,2387544.25,19.00
5/28/2021,2384032.90,2384032.90,2297243.96,2320566.44,32.00
6/1/2021,2319657.16,2368491.50,2311194.41,2368491.50,14.00
6/2/2021,2367069.20,2367069.20,2303212.30,2303212.30,27.00
6/3/2021,2294855.50,2323137.30,2292810.85,2301660.83,19.00
6/4/2021,2400624.80,2400624.80,2400546.60,2400546.60,2.00
6/7/2021,2397108.36,2397108.36,2285867.42,2325612.14,38.00
6/8/2021,2320582.62,2365995.70,2309780.32,2364024.97,14.00
6/9/2021,2361509.83,2361509.83,2329060.90,2358923.49,17.00
6/10/2021,2346617.13,2416485.84,2326093.35,2416405.75,10.00
6/11/2021,2408933.47,2408933.47,2326413.41,2346485.45,35.00
6/14/2021,2348607.23,2391687.27,2309510.11,2391607.67,19.00
6/15/2021,2397091.52,2421703.16,2381973.11,2421703.16,6.00
6/16/2021,2419160.93,2481573.35,2405438.37,2481491.14,8.00
6/17/2021,2572993.88,2593876.72,2556080.60,2593792.54,6.00
6/18/2021,2562892.37,2562892.37,2285669.71,2303115.67,48.00
6/21/2021,2274636.65,2335131.51,2251431.51,2335053.36,8.00
6/22/2021,2325744.84,2368833.94,2295972.60,2368754.76,9.00
6/23/2021,2378565.84,2378565.84,2333179.49,2340723.86,35.00
6/24/2021,2339385.71,2359816.11,2333417.62,2359816.11,11.00
6/25/2021,2356773.05,2356773.05,2279699.80,2279699.80,40.00
6/28/2021,2287225.88,2302283.87,2272797.77,2302206.64,14.00
6/29/2021,2300564.69,2322728.10,2288094.90,2322650.12,9.00
6/30/2021,2316105.37,2316105.37,2223030.08,2223030.08,48.00
7/1/2021,2231566.12,2231566.12,2213130.09,2231233.49,16.00
7/2/2021,2227402.69,2245693.39,2205198.25,2245617.86,15.00
7/6/2021,2244619.22,2281874.82,2225016.14,2281798.82,16.00
7/7/2021,2296576.05,2297112.73,2236569.55,2236569.55,30.00
7/8/2021,2236318.28,2236318.28,2164411.71,2235445.41,16.00
7/9/2021,2224133.23,2256251.61,2192389.85,2256175.96,11.00
7/12/2021,2250871.27,2267476.63,2217409.84,2235548.47,29.00
7/13/2021,2237276.35,2312211.55,2237276.35,2312211.55,7.00
7/14/2021,2306301.01,2310279.03,2268447.40,2295805.52,24.00
7/15/2021,2317501.33,2360292.85,2317501.33,2354610.65,6.00
7/16/2021,2357213.85,2452073.38,2349588.37,2452073.38,11.00
7/19/2021,2433519.74,2433519.74,2234056.64,2269413.04,32.00
7/20/2021,2291029.03,2361800.33,2266424.23,2361723.51,11.00
7/21/2021,2353207.72,2372728.48,2320696.06,2372648.57,13.00
7/22/2021,2381820.32,2383833.26,2346032.64,2372101.38,14.00
7/23/2021,2376701.88,2464639.34,2376701.88,2464559.16,3.00
7/26/2021,2461254.32,2471989.12,2449520.23,2460686.63,15.00
7/27/2021,2586633.62,2597486.44,2564426.88,2597403.22,9.00
7/28/2021,2585765.37,2634612.29,2497114.15,2497114.15,26.00
7/29/2021,2491924.68,2495915.23,2446057.98,2457951.24,25.00
7/30/2021,2448745.74,2453172.16,2392440.04,2401535.89,24.00
8/2/2021,2402060.27,2442433.96,2402060.27,2442433.96,15.00
8/3/2021,2442351.37,2508609.91,2416845.56,2508527.33,13.00
8/4/2021,2500505.80,2500505.80,2386317.37,2405389.46,25.00
8/5/2021,2401909.30,2432036.41,2394769.97,2431955.12,7.00
8/6/2021,2423952.32,2426244.26,2410884.73,2411595.34,20.00
8/9/2021,2403750.64,2408903.32,2323106.61,2329308.30,34.00
8/10/2021,2330743.67,2371865.10,2327210.21,2371865.10,10.00
8/11/2021,2370834.14,2392615.13,2350143.46,2392615.13,5.00
8/12/2021,2391748.70,2440010.88,2373154.98,2439929.99,9.00
8/13/2021,2443031.59,2443031.59,2415153.53,2429116.06,23.00
8/16/2021,2421106.75,2527147.47,2387859.44,2527065.36,13.00
8/17/2021,2526426.87,2533917.05,2488276.64,2495936.27,21.00
8/18/2021,2497029.43,2523479.13,2436403.17,2523479.13,15.00
8/19/2021,2522639.79,2522639.79,2405738.78,2428724.11,18.00
8/20/2021,2419060.21,2442482.57,2384575.97,2442400.46,13.00
8/23/2021,2548513.08,2548513.08,2548430.58,2548430.58,2.00
8/24/2021,2534812.08,2534812.08,2449418.86,2452328.64,42.00
8/25/2021,2443344.28,2443867.42,2397849.06,2397849.06,25.00
8/26/2021,2391443.31,2391443.31,2340920.79,2368062.72,27.00
8/27/2021,2367555.32,2420789.14,2347694.74,2420709.18,10.00
8/30/2021,2500539.77,2500539.77,2500458.08,2500458.08,2.00
8/31/2021,2513537.20,2513537.20,2475227.32,2494927.19,17.00
9/1/2021,2479390.31,2484620.31,2431351.11,2468882.62,22.00
9/2/2021,2462940.11,2477980.48,2452607.18,2477980.48,13.00
9/3/2021,2471720.32,2482210.21,2444247.43,2482126.60,12.00
9/7/2021,2471985.43,2471985.43,2433992.82,2451347.84,14.00
9/8/2021,2446383.66,2446383.66,2389269.71,2401044.87,25.00
9/9/2021,2398021.95,2425066.33,2370532.78,2425066.33,17.00
9/10/2021,2422271.34,2505031.47,2401186.50,2505031.47,23.00
9/13/2021,2498422.47,2562621.14,2467623.56,2479000.20,26.00
9/14/2021,2475070.20,2551624.55,2475070.20,2551624.55,11.00
9/15/2021,2536979.75,2587477.34,2493192.34,2587391.21,24.00
9/16/2021,2582354.93,2649311.04,2562230.90,2649223.70,9.00
9/17/2021,2643512.86,2718510.87,2633399.74,2718510.87,4.00
9/20/2021,2670069.90,2774099.65,2648418.74,2774007.72,7.00
9/21/2021,2768772.29,2781259.04,2706323.96,2729825.18,26.00
9/22/2021,2740745.93,2797986.24,2731415.47,2797893.98,7.00
9/23/2021,2779200.36,2817419.75,2768183.91,2772893.24,16.00
9/24/2021,2759924.91,2759924.91,2622884.88,2688239.37,25.00
9/27/2021,2669088.15,2694868.71,2652093.66,2670034.28,16.00
9/28/2021,2647281.68,2802668.40,2647281.68,2802668.40,7.00
9/29/2021,2793360.60,2793360.60,2706368.24,2763492.37,17.00
9/30/2021,2770220.63,2770220.63,2616168.69,2690654.30,31.00
10/1/2021,2666677.50,2780708.07,2661179.87,2780617.01,8.00
10/4/2021,2769658.53,2916189.75,2752292.37,2901590.08,6.00
10/5/2021,2903556.10,2934453.60,2842490.73,2927439.47,8.00
10/6/2021,2974407.39,3018078.79,2898362.83,3017979.71,16.00
10/7/2021,2997909.62,3017165.71,2950560.93,3017165.71,12.00
10/8/2021,3000789.28,3000789.28,2803418.41,2836645.33,38.00
10/11/2021,2817607.92,2977421.02,2817607.92,2977421.02,4.00
10/12/2021,2968047.77,2970211.45,2920495.27,2946679.35,18.00
10/13/2021,2920657.34,2920657.34,2796768.78,2835759.36,27.00
10/14/2021,2829107.03,2907630.38,2812155.32,2907534.50,5.00
10/15/2021,2903954.49,2903954.49,2777950.74,2816432.53,23.00
10/18/2021,2800697.65,2944608.92,2792639.48,2944513.78,5.00
10/19/2021,2941260.92,2978753.62,2930876.66,2978654.19,9.00
10/20/2021,2976017.93,2976017.93,2914137.21,2937819.13,18.00
10/21/2021,2919933.10,2971612.09,2908520.15,2971512.92,8.00
10/22/2021,2962555.34,2967039.37,2919062.66,2967039.37,20.00
10/25/2021,2967355.33,3074809.24,2967355.33,3074709.09,4.00
10/26/2021,3067807.83,3135061.90,3052633.80,3135061.90,12.00
10/27/2021,3130771.25,3174229.51,3106790.54,3174229.51,13.00
10/28/2021,3168580.24,3168580.24,3054257.07,3112787.83,22.00
10/29/2021,3133029.59,3253712.07,3123693.93,3253607.10,6.00
11/1/2021,3273363.88,3273363.88,3211291.68,3266844.74,21.00
11/2/2021,3255926.28,3264799.11,3212228.54,3233983.13,27.00
11/3/2021,3227229.13,3322990.62,3186361.89,3322881.67,15.00
11/4/2021,3311303.92,3386477.90,3301082.10,3386366.03,13.00
11/5/2021,3391784.75,3391784.75,3326231.33,3382635.16,19.00
11/8/2021,3368598.50,3368598.50,3211847.85,3221923.47,32.00
11/9/2021,3219878.39,3294022.38,3156409.22,3191415.84,20.00
11/10/2021,3179055.20,3293611.18,3163970.07,3293611.18,13.00
11/11/2021,3288798.59,3288798.59,3179448.54,3213649.35,30.00
11/12/2021,3206648.23,3325140.16,3195494.53,3325031.91,7.00
11/15/2021,3312479.42,3329649.41,3276002.28,3288371.87,21.00
11/16/2021,3264543.55,3330754.67,3264543.55,3330643.95,9.00
11/17/2021,3334215.82,3334215.82,3175753.87,3186354.05,42.00
11/18/2021,3193587.24,3237615.06,3160697.50,3237507.83,9.00
11/19/2021,3237398.90,3255064.35,3114986.59,3115518.77,34.00
11/22/2021,3156963.77,3399509.07,3156963.77,3399509.07,3.00
11/23/2021,3380048.70,3466455.38,3376857.23,3466340.92,12.00
11/24/2021,3461654.14,3619606.23,3442325.49,3619489.54,5.00
11/26/2021,3603787.66,3781382.93,3598544.83,3781382.93,5.00
11/29/2021,3744005.73,3744005.73,3575240.73,3692978.40,14.00
11/30/2021,3669865.71,3779740.60,3611446.10,3779740.60,12.00
12/1/2021,3789871.72,3983911.12,3554053.54,3983911.12,24.00
12/2/2021,4041655.52,4041655.52,3804336.70,3891732.65,16.00
12/3/2021,3858138.42,4220056.75,3849790.50,4219925.47,5.00
12/6/2021,4152660.55,4224641.53,4057841.47,4224499.24,12.00
12/7/2021,4228366.09,4319274.11,4209753.13,4319131.88,6.00
12/8/2021,4325072.25,4325072.25,4041672.27,4135852.44,25.00
12/9/2021,4169895.56,4390551.17,4169895.56,4390551.17,5.00
12/10/2021,4373580.73,4373580.73,4051692.71,4137554.79,29.00
12/13/2021,4136999.31,4174387.28,3989839.28,4174387.28,14.00
12/14/2021,4227421.19,4282661.53,4178852.98,4282520.82,14.00
12/15/2021,4244127.72,4389941.42,3970944.38,4389797.22,14.00
12/16/2021,4381700.26,4720268.05,4319039.33,4720268.05,8.00
12/17/2021,4671322.61,4671322.61,4254530.62,4254530.62,31.00
12/20/2021,4221823.70,4221823.70,3741232.37,3794009.44,40.00
12/21/2021,3784401.96,4066706.11,3722655.86,4066578.23,9.00
12/22/2021,4051095.58,4071805.64,3963313.16,4071668.66,18.00
12/23/2021,4068640.51,4116897.44,4032776.00,4116760.34,9.00
12/27/2021,4146471.86,4250307.17,4114077.50,4250168.66,6.00
12/28/2021,4271481.37,4271481.37,4071876.47,4121103.96,18.00
12/29/2021,4121923.38,4124263.63,4081372.26,4108513.86,16.00
12/30/2021,4113834.63,4193338.75,4097932.45,4193338.75,15.00
12/31/2021,4214730.19,4315769.76,4211656.74,4315769.76,9.00
1/3/2022,4335638.54,4375184.83,4246294.62,4348583.15,16.00
1/4/2022,4345407.28,4498607.00,4264864.64,4498460.57,11.00
1/5/2022,4524314.16,4843204.96,4397082.43,4843204.96,14.00
1/6/2022,4922156.56,4953178.37,4865489.32,4953178.37,9.00
1/7/2022,4949399.10,5147532.28,4932373.08,5147532.28,10.00
1/10/2022,5100890.23,5369870.46,4956250.19,5369696.76,14.00
1/11/2022,5364980.80,5364980.80,4934078.10,5303983.91,15.00
1/12/2022,5265564.82,5265564.82,4817805.15,4821458.97,32.00
1/13/2022,4809389.09,5193621.63,4656139.64,5193621.63,16.00
1/14/2022,5298146.19,5298146.19,4903005.75,5010520.72,26.00
1/18/2022,5006061.73,5006061.73,4900388.30,5002925.47,16.00
1/19/2022,5002388.22,5261081.18,4957724.49,5261081.18,21.00
1/20/2022,5250281.39,5624370.45,5046137.08,5624370.45,15.00
1/21/2022,5678224.51,6085172.71,5649704.61,6085172.71,13.00
1/24/2022,6143681.90,6433665.20,5606565.22,6433459.05,30.00
1/25/2022,6377575.86,6377575.86,5494764.80,5538574.12,26.00
1/26/2022,5498433.32,5543486.13,5007627.05,5438770.17,15.00
1/27/2022,5408060.26,5408060.26,4810827.32,5293448.64,22.00
1/28/2022,5212141.92,5931819.68,5212141.92,5931640.30,12.00
1/31/2022,5838992.62,6322547.47,5703319.63,6322346.82,4.00
2/1/2022,6310996.95,6310996.95,5873993.81,6095033.33,23.00
2/2/2022,6092183.64,6092183.64,5838990.89,5920424.89,21.00
2/3/2022,5913164.89,5913164.89,5492109.56,5887685.71,15.00
2/4/2022,5898786.68,5955572.82,5749187.00,5955373.49,11.00
2/7/2022,5939881.26,5939881.26,5722591.96,5896827.32,24.00
2/8/2022,5867562.04,6048303.51,5716014.42,6048103.91,14.00
2/9/2022,6041911.18,6072022.56,5878542.48,6071818.08,19.00
2/10/2022,6301324.88,6336028.29,6038417.45,6336028.29,11.00
2/11/2022,6325438.89,6973824.74,6219689.10,6973824.74,13.00
2/14/2022,6917637.84,6917637.84,6150135.17,6150135.17,27.00
2/15/2022,6145744.14,6154108.02,5802486.01,5955157.94,23.00
2/16/2022,6041909.93,6041909.93,5614408.47,5878730.03,19.00
2/17/2022,5871864.95,6180663.77,5730905.85,6180663.77,12.00
2/18/2022,6261831.90,6263264.30,6091523.46,6108671.91,14.00
2/22/2022,6082018.59,6298776.65,6068830.63,6298776.65,11.00
2/23/2022,6269278.65,6713202.48,5968397.39,6713202.48,11.00
2/24/2022,8463012.24,8463012.24,8462784.33,8462784.33,2.00
2/25/2022,8390839.72,8784972.60,8164047.19,8784685.54,9.00
2/28/2022,8726414.44,8726414.44,7808581.65,8055983.36,28.00
3/1/2022,8019683.72,8019683.72,7573190.06,7995613.52,15.00
3/2/2022,7967660.12,7967660.12,7353841.56,7722575.09,18.00
3/3/2022,8069532.73,8152676.39,7887191.68,8152676.39,10.00
3/4/2022,8148845.27,8148845.27,7870991.63,7888798.82,22.00
3/7/2022,7860792.32,9064005.81,7860792.32,9064005.81,3.00
3/8/2022,9001389.41,9001389.41,7302329.12,7553719.04,33.00
3/9/2022,7539785.49,7539785.49,6855674.64,7170696.61,17.00
3/10/2022,7185199.23,7185199.23,6869661.99,7096137.55,17.00
3/11/2022,7074914.05,7659761.72,6949262.36,7659761.72,7.00
3/14/2022,7625666.84,7788837.50,7206317.11,7788837.50,15.00
3/15/2022,7756881.62,8401230.61,7756881.62,8400965.61,8.00
3/16/2022,8372684.77,9268594.42,8327920.44,9268309.21,10.00
3/17/2022,9235095.22,9281710.34,8785309.89,9281395.89,21.00
3/18/2022,9187773.45,9807157.70,9009759.28,9806843.16,7.00
3/21/2022,9884092.80,10114322.49,9762178.01,9876459.93,16.00
3/22/2022,9983435.63,10487937.23,9944918.27,10487602.81,4.00
3/23/2022,10449291.99,10449291.99,9977459.82,10435346.65,12.00
3/24/2022,10361019.25,10540903.35,9811088.61,10540550.15,18.00
3/25/2022,10492110.23,10492110.23,10159819.14,10442577.60,19.00
3/28/2022,10645745.60,10966123.71,10427107.73,10965770.56,12.00
3/29/2022,11020404.76,11034268.80,10471524.91,10798552.89,22.00
3/30/2022,10784531.13,10837092.34,10598816.07,10837092.34,21.00
3/31/2022,10961931.03,11040829.25,10610830.18,11040829.25,18.00
4/1/2022,10976354.22,10976354.22,10764666.43,10935018.58,20.00
4/4/2022,10880782.33,11442435.37,10697955.49,11442065.79,6.00
4/5/2022,11384442.57,11886675.36,11087630.94,11886675.36,8.00
4/6/2022,11801292.32,12094924.16,11312737.16,11312737.16,24.00
4/7/2022,11258849.06,11258849.06,10770611.22,10976894.05,22.00
4/8/2022,10922880.44,10995120.71,10490795.44,10755202.13,18.00
4/11/2022,10735248.85,10747360.58,9738495.55,10043855.27,39.00
4/12/2022,10027208.73,10710191.35,10027208.73,10710191.35,10.00
4/13/2022,10622745.53,11277548.02,10481216.33,11277184.76,7.00
4/14/2022,11245525.70,12105122.81,11104486.43,12105122.81,6.00
4/18/2022,12075075.59,12075075.59,11861606.43,11861606.43,9.00
4/19/2022,11778891.38,12650822.46,11575618.85,12650420.14,8.00
4/20/2022,12621282.74,13053793.60,12621282.74,12944351.57,15.00
4/21/2022,13106084.81,14823942.53,12950503.38,14823942.53,5.00
4/22/2022,14761928.83,14761928.83,13435229.37,14653730.12,15.00
4/25/2022,14531778.20,14531778.20,11572766.22,12416474.26,41.00
4/26/2022,12298146.70,13021548.77,12298146.70,13013708.08,17.00
4/27/2022,13267162.53,13401782.49,11487870.64,11872425.72,27.00
4/28/2022,11828330.22,12713779.21,11585581.49,12713375.25,18.00
4/29/2022,12588733.00,14336195.15,12426623.01,14336195.15,6.00
5/2/2022,14233892.11,14357833.89,13457041.58,14357345.24,24.00
5/3/2022,14271863.81,14271863.81,12230609.19,12284194.57,35.00
5/4/2022,12286855.81,13278820.10,11705579.09,13278402.27,15.00
5/5/2022,13315570.62,14871041.93,13182987.39,14871041.93,4.00
5/6/2022,14652160.42,14792944.22,13881396.01,13963443.54,18.00
5/9/2022,13798141.44,14064191.27,13221837.54,14064191.27,17.00
5/10/2022,13946322.47,14608863.19,13946322.47,14552025.42,11.00
5/11/2022,14223485.51,14375816.99,12811884.99,14375816.99,16.00
5/12/2022,14057349.79,14057349.79,11778938.31,12006396.21,30.00
5/13/2022,11996658.39,12604901.36,11989754.04,12544983.20,12.00
5/16/2022,12513204.75,12513204.75,11565104.78,11690426.75,25.00
5/17/2022,11683879.99,11693212.85,11190981.60,11606514.46,23.00
5/18/2022,11564497.78,12817277.19,11347414.96,12817277.19,10.00
5/19/2022,12921536.09,13060414.75,11772028.95,12005967.47,25.00
5/20/2022,11965006.97,13041596.30,11504551.25,13041184.48,10.00
5/23/2022,12942166.33,12942166.33,12220303.17,12785905.04,16.00
5/24/2022,12771258.90,13114158.45,12396155.94,12745278.14,15.00
5/25/2022,12958908.14,12958908.14,11828871.03,12228748.63,22.00
5/26/2022,13720870.09,13720870.09,13720451.65,13720451.65,2.00
5/27/2022,13825474.57,14619577.56,13781630.79,14619109.05,6.00
5/31/2022,15063490.66,15251722.47,15045826.95,15208890.17,8.00
6/1/2022,15275409.13,15520437.15,14795651.71,15137160.12,25.00
6/2/2022,15074974.10,16422556.18,14709683.18,16422039.82,11.00
6/3/2022,16236262.07,16236262.07,15027547.63,15513897.66,20.00
6/6/2022,15404364.61,15941529.25,15185694.67,15941529.25,7.00
6/7/2022,15953579.18,16633435.57,15833358.35,16632891.29,15.00
6/8/2022,16621548.62,16819769.98,16125053.27,16671320.17,18.00
6/9/2022,16612493.92,17220508.04,15567318.05,17220508.04,21.00
6/10/2022,17022958.22,17287692.64,16664556.92,17055435.58,24.00
6/13/2022,17035980.54,17035980.54,15725241.34,16541856.09,23.00
6/14/2022,16372782.37,16557984.71,14967754.60,14967754.60,37.00
6/15/2022,14819203.96,14819203.96,12717768.39,12802033.09,31.00
6/16/2022,12673753.12,12744050.60,12488954.72,12735967.18,9.00
6/17/2022,13008522.90,13008522.90,12391025.00,12409137.96,18.00
6/21/2022,12346923.71,12694455.46,11773953.61,11859873.11,37.00
6/22/2022,11677097.71,11677097.71,11069116.28,11436423.28,18.00
6/23/2022,11302494.48,11745173.84,11277029.99,11744781.22,14.00
6/24/2022,11711743.90,12533974.31,11711743.90,12533572.04,13.00
6/27/2022,12403361.96,12691157.54,12403361.96,12602043.08,21.00
6/28/2022,12799553.28,14425959.07,12574713.44,14425959.07,7.00
6/29/2022,14539579.29,14617032.36,13830595.83,13911525.26,23.00
6/30/2022,13778865.26,14178440.21,13631582.67,13990433.08,11.00
7/1/2022,13828480.87,13908228.76,12948395.09,13531139.58,28.00
7/5/2022,13559901.14,14553265.35,12771000.90,14552801.05,9.00
7/6/2022,14491477.30,14491477.30,11729844.89,11919465.43,49.00
7/7/2022,11802930.29,12351523.26,11652793.80,12351115.00,4.00
7/8/2022,12281301.23,12619726.73,12221210.98,12619303.73,9.00
7/11/2022,12522151.96,12872163.66,12322718.85,12465112.90,26.00
7/12/2022,12480563.92,12643782.96,11658234.12,12154563.41,27.00
7/13/2022,11994204.44,12251739.92,11756515.28,12251322.72,12.00
7/14/2022,11995790.36,12581205.46,11626266.14,12580785.04,14.00
7/15/2022,12525323.28,12525323.28,11099421.17,11362405.97,28.00
7/18/2022,11334225.46,11850197.22,10975758.46,11850197.22,24.00
7/19/2022,11901566.84,12448757.27,11596076.54,12448351.68,7.00
7/20/2022,12337682.51,12744970.64,12337682.51,12625069.16,15.00
7/21/2022,12554660.46,12791682.91,12022891.65,12791251.64,13.00
7/22/2022,12731155.76,13286225.55,12567047.48,13286225.55,7.00
7/25/2022,13265113.35,13265113.35,12316162.44,12351071.73,27.00
7/26/2022,12195557.19,12304981.14,11857997.80,12304981.14,13.00
7/27/2022,12322648.92,13509717.34,12322648.92,13509296.94,5.00
7/28/2022,13421342.94,14615598.82,13302888.18,14615137.56,6.00
7/29/2022,14595853.20,15067072.01,14532197.67,15066573.56,15.00
8/1/2022,14945568.83,15465043.87,14860373.68,15465043.87,11.00
8/2/2022,15310310.95,15353696.49,14539391.82,14654769.83,28.00
8/3/2022,14939677.53,15497902.52,14725220.12,15497403.43,6.00
8/4/2022,15400836.63,15400836.63,14958595.82,15251884.79,13.00
8/5/2022,15303356.51,15303356.51,14511977.33,14676841.31,28.00
8/8/2022,15055338.91,15400696.17,14667265.58,15400696.17,9.00
8/9/2022,15527761.14,15538925.15,15002336.35,15021247.97,21.00
8/10/2022,14867696.31,14872749.12,14351745.95,14653242.70,18.00
8/11/2022,14596141.26,15029855.04,14195478.15,15029855.04,13.00
8/12/2022,14939043.84,14939043.84,14032984.08,14780097.57,15.00
8/15/2022,14780097.57,14780097.57,14218851.18,14685243.82,14.00
8/16/2022,14674627.06,14937258.57,14545003.26,14936759.30,8.00
8/17/2022,14895031.55,14895031.55,13780373.25,13808953.10,35.00
8/18/2022,13761882.58,13761882.58,13144663.68,13233129.55,23.00
8/19/2022,13226638.35,13462925.15,13138577.57,13449788.17,13.00
8/22/2022,13424442.37,13960061.98,13383401.83,13960061.98,5.00
8/23/2022,13970714.74,14069657.23,13273633.86,13411481.34,35.00
8/24/2022,13363662.66,13363662.66,12776799.47,12776799.47,31.00
8/25/2022,12705824.39,12823554.88,12352071.00,12823119.56,24.00
8/26/2022,12756974.79,13778567.93,11938743.69,13778567.93,10.00
8/29/2022,13944928.77,13944928.77,12785032.31,12858693.07,23.00
8/30/2022,12811645.51,13350609.28,12619178.58,13250284.90,13.00
8/31/2022,13230603.88,13575069.38,12855750.15,13575069.38,8.00
9/1/2022,13485446.91,13843492.17,13005444.05,13843027.67,20.00
9/2/2022,13978323.52,14900534.02,13614646.29,14900534.02,8.00
9/6/2022,14747708.66,15063715.09,13709190.63,13775719.26,33.00
9/7/2022,13957756.25,14352224.55,13555668.45,14351753.13,10.00
9/8/2022,14277578.54,14277578.54,13415547.61,13760926.65,17.00
9/9/2022,13817204.67,14244109.36,13744191.41,14243639.25,6.00
9/12/2022,14227032.36,14362975.69,13850031.75,14007654.80,26.00
9/13/2022,13996525.52,15469947.40,13996525.52,15469947.40,5.00
9/14/2022,15580738.17,15658592.83,15443300.00,15618832.59,7.00
9/15/2022,15548707.26,16212181.75,15332867.73,16212181.75,9.00
9/16/2022,16209365.52,16209365.52,14546630.73,15056800.82,33.00
9/19/2022,15277497.17,15380316.26,14824900.28,15379800.09,14.00
9/20/2022,15381931.51,15381931.51,13882596.26,13882596.26,35.00
9/21/2022,13851936.74,13872550.76,11610975.07,12725978.28,47.00
9/22/2022,12616198.41,12616198.41,11858216.35,11924943.97,23.00
9/23/2022,11881527.07,11881527.07,10722906.94,10722906.94,30.00
9/26/2022,11060658.76,11545194.27,11021686.01,11545194.27,5.00
9/27/2022,11438374.82,11558684.48,11026988.73,11558684.48,10.00
9/28/2022,11526675.37,11571795.73,10524465.53,11445724.94,14.00
9/29/2022,11422505.94,11987947.07,11422505.94,11550860.43,18.00
9/30/2022,11453833.89,12063459.87,11039128.04,12063459.87,15.00
10/3/2022,12013286.95,12541392.85,11915418.11,12540977.54,8.00
10/4/2022,12520784.14,12920707.17,12180892.67,12301643.29,37.00
10/5/2022,12269859.61,12731823.92,11901367.28,12731401.30,14.00
10/6/2022,12939526.00,13128342.78,12464315.86,12764227.20,21.00
10/7/2022,12717305.14,13369215.15,12544018.74,13369215.15,8.00
10/10/2022,13343416.39,13760046.71,13343416.39,13696844.42,12.00
10/11/2022,13652876.75,14060741.48,13576303.40,14060741.48,10.00
10/12/2022,13961888.26,14032333.36,12250578.65,12425085.38,38.00
10/13/2022,12240254.33,14320397.00,11753221.40,14319968.70,8.00
10/14/2022,14283577.87,16241124.00,14121084.77,16241124.00,4.00
10/17/2022,16452441.78,16452441.78,15584650.06,15683077.04,18.00
10/18/2022,15623591.65,16359742.19,15467304.58,16359742.19,8.00
10/19/2022,16347646.29,16347646.29,15586908.16,15767221.37,21.00
10/20/2022,15669176.15,16618190.81,15238012.14,16618190.81,9.00
10/21/2022,16428732.69,16428732.69,14959532.75,16305647.57,17.00
10/24/2022,16238786.68,16238786.68,14413660.25,15312800.13,15.00
10/25/2022,15345608.58,15706720.24,15235264.60,15706194.47,14.00
10/26/2022,15608378.00,15811704.07,15111203.78,15811704.07,8.00
10/27/2022,15734335.37,16166676.18,15499923.11,16116879.29,11.00
10/28/2022,16478511.62,17369714.91,15875548.60,17369161.12,8.00
10/31/2022,17127896.90,17127896.90,15994125.58,15994125.58,31.00
11/1/2022,17508333.08,17508333.08,17508333.08,17508333.08,2.00
11/2/2022,17637619.88,17637619.88,15312931.76,17523201.14,18.00
11/3/2022,17223271.55,17223271.55,14636094.88,15113836.84,44.00
11/4/2022,15672581.70,15672581.70,15057937.00,15614546.51,15.00
11/7/2022,15459790.37,15640248.66,14829937.80,15447001.50,18.00
11/8/2022,15499375.46,15726175.08,15404470.48,15717900.09,10.00
11/9/2022,15769059.65,15986964.47,15092940.92,15986964.47,16.00
11/10/2022,15762805.23,16816257.23,15388646.13,16815708.09,8.00
11/11/2022,16810365.10,17544812.17,16573724.08,17544235.30,9.00
11/14/2022,17482889.80,17684783.23,17290846.97,17684783.23,15.00
11/15/2022,17490564.34,17490564.34,16372242.32,16797304.59,32.00
11/16/2022,16745860.01,16745860.01,15564048.24,15629324.88,29.00
11/17/2022,15680453.65,15680453.65,15107105.29,15567465.49,18.00
11/18/2022,15733833.48,16100825.98,15699059.24,15805777.87,10.00
11/21/2022,15727843.02,15727843.02,15380322.93,15449245.99,17.00
11/22/2022,15426834.89,16495350.52,15356842.25,16494820.27,5.00
11/23/2022,16921504.27,17021028.75,16819411.95,17020463.00,6.00
11/25/2022,16994394.43,17008035.10,16654811.91,16704033.38,21.00
11/28/2022,16860966.14,17264985.10,16508276.46,17264985.10,11.00
11/29/2022,17252181.23,17252181.23,16569580.48,16997109.14,14.00
11/30/2022,16943851.54,18320085.20,15350400.52,18319502.83,34.00
12/1/2022,18113930.05,18113930.05,16204530.75,16266326.86,39.00
12/2/2022,16282072.94,16282072.94,15173742.84,15710664.34,22.00
12/5/2022,15801496.06,16341020.22,15759060.93,16341020.22,7.00
12/6/2022,16288729.03,17553262.95,16288729.03,17553262.95,3.00
12/7/2022,17475767.91,17475767.91,14985857.39,14985857.39,38.00
12/8/2022,14928440.54,15454132.60,14928440.54,15453618.00,14.00
12/9/2022,15215661.19,15215661.19,13950542.57,14333288.87,29.00
12/12/2022,14268372.71,14663064.75,13985202.34,14662572.77,16.00
12/13/2022,14812465.60,16025080.12,14627595.43,16025080.12,6.00
12/14/2022,15962872.80,15962872.80,14968651.94,15088725.63,19.00
12/15/2022,15060954.77,16231627.54,15060954.77,16231627.54,3.00
12/16/2022,16106355.30,16356861.99,15929623.96,16156926.06,9.00
12/19/2022,16215494.03,16698321.07,16182354.07,16698321.07,8.00
12/20/2022,16608096.75,16608096.75,16087346.66,16118997.66,19.00
12/21/2022,15952393.46,16485945.32,15906499.67,16475282.58,6.00
12/22/2022,16377738.18,17612668.10,16377738.18,17612099.89,6.00
12/23/2022,17429275.42,17590456.72,16964580.02,17589849.41,10.00
12/27/2022,17966992.92,17966992.92,17330520.49,17664704.33,18.00
12/28/2022,17618391.97,18555935.17,17618391.97,18555935.17,14.00
12/29/2022,18575055.87,19608566.67,18575055.87,19607926.65,3.00
12/30/2022,19480105.71,19480105.71,18513503.64,19271064.70,20.00
1/3/2023,19014602.75,19584986.59,18592461.37,19548812.92,10.00
1/4/2023,19533438.56,19585264.28,18251966.84,18378017.31,21.00
1/5/2023,18742393.50,18801198.54,17983686.02,18296439.79,32.00
1/6/2023,18223435.28,19783476.20,18049589.00,19782845.52,7.00
1/9/2023,19733271.82,21004306.15,19527669.21,21004306.15,7.00
1/10/2023,20766808.86,20878649.34,19343462.80,19978575.76,29.00
1/11/2023,19795018.96,19795018.96,18474878.90,19394418.56,18.00
1/12/2023,19263563.51,19842977.39,18830281.58,19499837.72,18.00
1/13/2023,19435030.85,19435030.85,18532746.93,19402352.25,14.00
1/17/2023,19297377.63,19297377.63,18487891.48,18520329.83,28.00
1/18/2023,18303542.96,19049751.37,17645869.31,19049751.37,15.00
1/19/2023,19016701.69,19112483.26,18647127.17,18812326.39,17.00
1/20/2023,18798065.35,20529435.43,18798065.35,20528789.26,3.00
1/23/2023,20487503.54,21043783.58,19929859.23,20898297.32,13.00
1/24/2023,20798543.32,20803568.55,19172323.39,19220187.90,41.00
1/25/2023,19224957.40,20585389.47,19087916.86,20584730.07,11.00
1/26/2023,20564973.06,20564973.06,19739162.39,20486115.65,18.00
1/27/2023,20940007.25,21418198.20,20883578.04,21417496.72,4.00
1/30/2023,21347421.52,21390430.54,20775551.66,21390430.54,21.00
1/31/2023,21422796.72,21639576.80,20643788.03,21638844.11,10.00
2/1/2023,21544794.19,21582302.15,18638247.92,20352604.91,48.00
2/2/2023,20104563.35,20104563.35,18569278.57,18935816.54,26.00
2/3/2023,19813956.02,20475400.67,19813956.02,20475400.67,3.00
2/6/2023,20486183.91,20486183.91,18127361.46,18272077.60,27.00
2/7/2023,18240155.95,19128649.88,17568500.18,19128026.03,21.00
2/8/2023,19041283.43,19766228.29,18816099.41,19766228.29,9.00
2/9/2023,19901425.60,20891080.55,19382502.44,20891080.55,12.00
2/10/2023,20743661.58,20743661.58,19430358.43,19518951.48,26.00
2/13/2023,19437777.38,20340040.41,19437777.38,20339373.25,5.00
2/14/2023,20220057.16,20785375.06,19890285.08,20582459.22,23.00
2/15/2023,20655267.15,20655267.15,19697853.21,20642323.18,12.00
2/16/2023,20620639.42,21585621.56,20380773.37,21585621.56,9.00
2/17/2023,21490988.78,21636661.70,20847099.17,21268338.71,20.00
2/21/2023,21228285.41,22145714.34,21060960.94,22145714.34,7.00
2/22/2023,22178751.85,22429284.65,20928112.34,20928112.34,29.00
2/23/2023,21011743.67,21792724.26,20780342.57,21792007.74,9.00
2/24/2023,21836784.24,22143345.08,21200099.49,21351958.33,28.00
2/27/2023,21230464.09,21230464.09,20609678.67,20858101.36,29.00
2/28/2023,20846730.68,20854545.17,20051146.76,20304336.52,33.00
3/1/2023,20206616.91,20206616.91,19697477.80,19924881.29,16.00
3/2/2023,19864168.55,20469194.87,19382696.02,20468512.23,16.00
3/3/2023,20445615.58,21573838.87,20445615.58,21573138.53,5.00
3/6/2023,21501526.53,22053285.50,20979854.17,22053285.50,11.00
3/7/2023,21993728.19,22442192.71,21431921.30,22022544.52,14.00
3/8/2023,21957358.52,22065624.50,21261787.95,21572641.59,28.00
3/9/2023,21546618.27,22984123.60,20908936.89,22984123.60,17.00
3/10/2023,22857507.89,23127914.04,21849798.07,22679540.49,16.00
3/13/2023,22562664.15,22949170.88,21928989.36,22949170.88,7.00
3/14/2023,22899337.28,23118065.21,22694069.16,23117279.60,14.00
3/15/2023,23164294.55,23164294.55,21473321.75,22682177.45,30.00
3/16/2023,22647897.15,25108122.95,22500931.84,25107348.03,5.00
3/17/2023,25041900.43,25041900.43,24351323.86,24468737.77,27.00
3/20/2023,24266217.97,24266217.97,22917431.10,23531532.87,22.00
3/21/2023,23549849.49,24013999.18,23162881.12,24013195.83,12.00
3/22/2023,24012376.00,24783967.70,23170636.77,24783967.70,20.00
3/23/2023,24704130.20,25011708.46,24184087.62,25011708.46,13.00
3/24/2023,25285841.28,25311793.76,23429550.80,24206892.22,29.00
3/27/2023,24234039.98,24597547.43,23736650.81,24597547.43,14.00
3/28/2023,24964180.56,24964180.56,24342253.47,24630597.57,23.00
3/29/2023,24684450.51,24684450.51,23663247.83,24133941.71,22.00
3/30/2023,24001306.34,24001306.34,22585219.68,22706872.63,43.00
3/31/2023,24126994.19,24126994.19,24126220.59,24126220.59,2.00
4/3/2023,24037545.66,24351910.61,23735294.51,24351088.53,13.00
4/4/2023,24268209.90,24517175.71,24086515.66,24517175.71,10.00
4/5/2023,24409299.76,24923476.81,24402261.50,24461774.24,16.00
4/6/2023,24632256.51,26042641.15,24632256.51,26041807.31,3.00
4/10/2023,26328628.08,27158626.47,26094659.81,27157738.74,11.00
4/11/2023,27115733.51,27419199.25,27084935.69,27419199.25,12.00
4/12/2023,27197100.31,27469048.45,25743299.03,26683690.59,32.00
4/13/2023,26829387.06,27552912.05,26376699.89,27552002.68,8.00
4/14/2023,27430677.98,28046351.03,27311750.55,28045411.95,10.00
4/17/2023,27956246.17,28469517.56,27728931.32,28468561.69,9.00
4/18/2023,28357510.13,28733407.45,28021000.22,28733407.45,10.00
4/19/2023,28649922.51,28649922.51,28001088.73,28638266.04,16.00
4/20/2023,29040625.50,29374648.76,28816441.72,29374648.76,11.00
4/21/2023,29194964.58,29194964.58,28473750.15,28874936.23,17.00
4/24/2023,28732533.58,29130162.20,28508541.44,29079571.91,12.00
4/25/2023,29120277.52,30066109.45,28714125.34,30066109.45,11.00
4/26/2023,30068925.26,30068925.26,28944463.52,29545987.99,24.00
4/27/2023,29537487.07,31070434.62,29288166.86,31069427.92,7.00
4/28/2023,30910475.43,31334065.51,30449528.11,31333007.35,14.00
5/1/2023,31294102.55,31294102.55,30140460.10,30140460.10,34.00
5/2/2023,30060762.17,30773185.31,29871450.08,30230011.97,21.00
5/3/2023,30169516.13,30169516.13,26956904.53,27885997.95,39.00
5/4/2023,27863916.10,27863916.10,25911683.17,26027011.79,32.00
5/5/2023,25891994.35,27287114.37,25891994.35,27286227.99,3.00
5/8/2023,27302223.44,27816381.55,27298837.95,27815452.43,11.00
5/9/2023,27787822.67,27787822.67,26675238.67,26819410.46,33.00
5/10/2023,27001359.81,27208578.54,26615778.82,27005603.95,20.00
5/11/2023,27144012.56,27144012.56,26403972.85,26658652.88,15.00
5/12/2023,26585940.05,27221914.38,26503483.56,27221006.84,11.00
5/15/2023,27149765.47,27445930.31,26795816.91,27445003.94,15.00
5/16/2023,27636673.85,27710039.77,27215840.32,27710039.77,15.00
5/17/2023,27618921.79,28418836.08,27405580.08,28417893.80,10.00
5/18/2023,29339460.90,30242345.51,29324901.71,30241380.19,4.00
5/19/2023,30218847.41,30218847.41,29193977.12,29403710.47,18.00
5/22/2023,29340801.91,29598405.24,28382454.35,28382454.35,31.00
5/23/2023,28480482.18,28480482.18,27246464.94,28301669.11,29.00
5/24/2023,28253817.53,28253817.53,27215143.16,27501637.25,28.00
5/25/2023,27734669.41,27825263.43,27177112.47,27824329.63,11.00
5/26/2023,30256248.03,30256248.03,30255304.62,30255304.62,2.00
5/30/2023,30018734.67,30018734.67,28866747.23,29454187.66,23.00
5/31/2023,29457567.56,29457567.56,28954601.97,29162533.35,17.00
6/1/2023,28968055.29,29214490.81,27850145.41,29213502.61,16.00
6/2/2023,29276102.29,29719941.27,29276102.29,29547731.33,10.00
6/5/2023,29754300.45,29754300.45,28749880.28,29207200.62,17.00
6/6/2023,29295355.46,29295355.46,28158342.28,28233123.73,27.00
6/7/2023,28401286.37,30458653.26,28066908.63,30458653.26,7.00
6/8/2023,30361009.98,30435575.16,29544845.57,30434543.20,14.00
6/9/2023,30306465.77,31010297.44,30306465.77,30695014.41,20.00
6/12/2023,30690527.23,31266021.12,29749072.72,31264982.35,23.00
6/13/2023,31243265.64,31360539.27,30293139.09,30591250.16,25.00
6/14/2023,30522763.25,31569447.46,30522763.25,31568413.03,9.00
6/15/2023,31398844.12,33107245.17,31238375.37,33106178.37,4.00
6/16/2023,33592477.14,33671830.33,32747153.56,33671830.33,14.00
6/20/2023,33940277.61,34704920.32,33940277.61,34703781.89,8.00
6/21/2023,34478351.64,35332573.32,34290014.59,35332573.32,10.00
6/22/2023,35170637.10,36616768.76,35170637.10,36615574.06,11.00
6/23/2023,36720674.90,36816382.71,34455389.39,34514722.31,33.00
6/26/2023,34415616.03,36927528.06,34235166.27,36927528.06,5.00
6/27/2023,36676886.99,36676886.99,34581309.50,36292508.46,22.00
6/28/2023,36372617.66,36434170.22,34648305.26,34648305.26,37.00
6/29/2023,34404832.62,34404832.62,32251100.74,32251100.74,23.00
6/30/2023,32081418.56,32315152.46,31950515.98,32142977.66,11.00
7/3/2023,32002876.20,32002876.20,31054301.16,31348729.74,23.00
7/5/2023,31735583.04,31735583.04,31000726.83,31043676.37,17.00
7/6/2023,30911618.86,30911618.86,29785831.21,30368716.56,20.00
7/7/2023,30324672.31,31002127.13,29963235.18,31002127.13,18.00
7/10/2023,30846592.85,30907825.07,29577833.06,29912703.70,34.00
7/11/2023,29888850.77,29888850.77,28630443.72,29161518.36,31.00
7/12/2023,29091588.03,29091588.03,28730059.17,28822991.78,19.00
7/13/2023,28585582.28,28853302.08,28057257.48,28852329.27,19.00
7/14/2023,28991947.09,29051569.17,28052352.39,28747342.79,19.00
7/17/2023,28720142.18,28755448.21,27852412.31,28540795.95,20.00
7/18/2023,28599707.55,29374155.46,27999418.33,29373193.03,11.00
7/19/2023,29327654.38,29381333.99,28384825.89,28609004.12,23.00
7/20/2023,28788351.92,30804875.10,28788351.92,30804875.10,3.00
7/21/2023,30514159.89,30514159.89,29622301.02,30251213.08,16.00
7/24/2023,30167832.38,30167832.38,28025792.21,28025792.21,41.00
7/25/2023,28147672.50,28233598.06,27964630.95,28232652.11,8.00
7/26/2023,27948952.66,27948952.66,26683767.27,26683767.27,27.00
7/27/2023,26649419.28,28212618.04,26443385.84,28212618.04,16.00
7/28/2023,28107875.26,28107875.26,27798633.64,28066475.10,11.00
7/31/2023,28004126.75,28004126.75,26495749.10,26495749.10,36.00
8/1/2023,26400505.17,26400505.17,25845119.61,25988390.07,17.00
8/2/2023,26193268.65,27039911.80,26097058.90,27039911.80,4.00
8/3/2023,26868566.36,26868566.36,26172509.93,26238789.36,20.00
8/4/2023,26308589.86,27459717.31,26308589.86,27459717.31,7.00
8/7/2023,27254477.31,27257615.93,26318655.18,26930036.19,28.00
8/8/2023,26846169.06,27170761.21,26656264.91,27153623.02,18.00
8/9/2023,27981778.32,28115421.31,27681116.93,28115421.31,12.00
8/10/2023,27908170.14,29017660.56,27579290.02,29017660.56,8.00
8/11/2023,28984933.10,28994454.35,27808376.44,27808376.44,28.00
8/14/2023,27749536.90,29182475.50,27629785.60,29181535.79,5.00
8/15/2023,29069929.92,29241958.07,28355508.80,28760857.02,30.00
8/16/2023,28819619.53,29263051.93,28388427.43,29263051.93,18.00
8/17/2023,29950112.80,30557595.16,29504033.95,30557595.16,10.00
8/18/2023,30567907.03,30567907.03,29176659.22,29658748.53,22.00
8/21/2023,29658748.53,30725779.16,29578586.70,30724775.97,8.00
8/22/2023,30676735.55,30947537.60,29334262.47,29613305.93,26.00
8/23/2023,29567853.25,30472126.22,29138529.86,30471125.33,10.00
8/24/2023,34086049.17,34086049.17,34086049.17,34086049.17,2.00
8/25/2023,33980781.77,33980781.77,31979906.78,32875928.18,30.00
8/28/2023,32544441.78,32665224.58,31634503.12,31960407.37,23.00
8/29/2023,31907018.45,34665067.12,31907018.45,34663987.76,5.00
8/30/2023,34671382.54,34671382.54,32430164.05,32723904.14,32.00
8/31/2023,32699638.57,32699638.57,31248761.18,31389520.68,31.00
9/1/2023,31280618.37,31751879.50,31280618.37,31528721.02,11.00
9/5/2023,31490829.85,31490829.85,30340383.62,30771115.87,13.00
9/6/2023,30675341.51,31318781.67,30630793.72,31318781.67,8.00
9/7/2023,31385446.86,31405774.92,30508306.30,30963494.20,11.00
9/8/2023,31332571.42,31496445.93,31130581.38,31496445.93,11.00
9/11/2023,31436127.21,31601480.64,30834832.92,31600417.27,20.00
9/12/2023,31531935.91,32752763.65,31531935.91,32752763.65,6.00
9/13/2023,32745749.29,32745749.29,32099948.74,32222971.41,15.00
9/14/2023,32191003.69,32933501.59,31972732.68,32932413.75,9.00
9/15/2023,32648717.73,34276236.35,32648717.73,34276236.35,3.00
9/18/2023,34413489.33,34413489.33,32904631.05,32970121.94,19.00
9/19/2023,32951133.70,33571373.26,32584468.83,33570259.03,9.00
9/20/2023,33511098.02,33730038.97,31971688.36,33730038.97,28.00
9/21/2023,33498519.19,33498519.19,32108180.86,33061899.59,27.00
9/22/2023,32931888.08,33477799.70,32734602.69,33477799.70,12.00
9/25/2023,33275256.50,33510676.97,32707233.23,33105689.49,14.00
9/26/2023,32905509.87,32905509.87,32062041.38,32563691.23,27.00
9/27/2023,32527082.33,32659128.21,32198181.63,32658025.29,22.00
9/28/2023,32564581.17,32564581.17,31207751.47,32473879.93,13.00
9/29/2023,32426045.83,32895375.23,31736083.61,32895375.23,18.00
